Workbook

Sheet Data_Sheet
A1: Player Name | B1: Salary | C1: Position | D1: Age | E1: Team | F1: GP | G1: GS | H1: MP | I1: FG | J1: FGA | K1: FG% | L1: 3P | M1: 3PA | N1: 3P% | O1: 2P | P1: 2PA | Q1: 2P% | R1: eFG% | S1: FT | T1: FTA | U1: FT% | V1: ORB | W1: DRB | X1: TRB | Y1: AST | Z1: STL | AA1: BLK | AB1: TOV | AC1: PF | AD1: PTS | AE1: Total Minutes | AF1: PER | AG1: TS% | AH1: 3PAr | AI1: FTr | AJ1: ORB% | AK1: DRB% | AL1: TRB% | AM1: AST% | AN1: STL% | AO1: BLK% | AP1: TOV% | AQ1: USG% | AR1: OWS | AS1: DWS | AT1: WS | AU1: WS/48 | AV1: OBPM | AW1: DBPM | AX1: BPM | AY1: VORP | AZ1: Score | BA1: Score_per_$M
A2: Stephen Curry | B2: 48070014 | C2: PG | D2: 34 | E2: GSW | F2: 56 | G2: 56 | H2: 34.7 | I2: 10 | J2: 20.2 | K2: 0.493 | L2: 4.9 | M2: 11.4 | N2: 0.427 | O2: 5.1 | P2: 8.8 | Q2: 0.579 | R2: 0.614 | S2: 4.6 | T2: 5 | U2: 0.915 | V2: 0.7 | W2: 5.4 | X2: 6.1 | Y2: 6.3 | Z2: 0.9 | AA2: 0.4 | AB2: 3.2 | AC2: 2.1 | AD2: 29.4 | AE2: 1941 | AF2: 24.1 | AG2: 0.656 | AH2: 0.564 | AI2: 0.248 | AJ2: 2.3 | AK2: 16.8 | AL2: 9.7 | AM2: 30 | AN2: 1.3 | AO2: 0.9 | AP2: 12.5 | AQ2: 31 | AR2: 5.8 | AS2: 2 | AT2: 7.8 | AU2: 0.192 | AV2: 7.5 | AW2: 0.1 | AX2: 7.5 | AY2: 4.7 | AZ2: =0.5*AX2 + 0.5*AT2 -> 7.65 | BA2: =IF(B2>0, AZ2*1000000/B2, 0) -> 0.15914287
A3: John Wall | B3: 47345760 | C3: PG | D3: 32 | E3: LAC | F3: 34 | G3: 3 | H3: 22.2 | I3: 4.1 | J3: 9.9 | K3: 0.408 | L3: 1 | M3: 3.2 | N3: 0.303 | O3: 3.1 | P3: 6.7 | Q3: 0.459 | R3: 0.457 | S3: 2.3 | T3: 3.3 | U3: 0.681 | V3: 0.4 | W3: 2.3 | X3: 2.7 | Y3: 5.2 | Z3: 0.8 | AA3: 0.4 | AB3: 2.4 | AC3: 1.7 | AD3: 11.4 | AE3: 755 | AF3: 13.6 | AG3: 0.498 | AH3: 0.322 | AI3: 0.334 | AJ3: 2.1 | AK3: 11.4 | AL3: 6.8 | AM3: 35.3 | AN3: 1.8 | AO3: 1.4 | AP3: 17.1 | AQ3: 27 | AR3: -0.4 | AS3: 0.7 | AT3: 0.3 | AU3: 0.02 | AV3: -0.8 | AW3: -0.4 | AX3: -1.2 | AY3: 0.1 | AZ3: =0.5*AX3 + 0.5*AT3 -> -0.45 | BA3: =IF(B3>0, AZ3*1000000/B3, 0) -> -0.009504547
A4: Russell Westbrook | B4: 47080179 | C4: PG | D4: 34 | E4: LAC | F4: 73 | G4: 24 | H4: 29.1 | I4: 5.9 | J4: 13.6 | K4: 0.436 | L4: 1.2 | M4: 3.9 | N4: 0.311 | O4: 4.7 | P4: 9.7 | Q4: 0.487 | R4: 0.481 | S4: 2.8 | T4: 4.3 | U4: 0.656 | V4: 1.2 | W4: 4.6 | X4: 5.8 | Y4: 7.5 | Z4: 1 | AA4: 0.5 | AB4: 3.5 | AC4: 2.2 | AD4: 15.9 | AE4: 2126 | AF4: 16.1 | AG4: 0.513 | AH4: 0.289 | AI4: 0.317 | AJ4: 4.7 | AK4: 16.5 | AL4: 10.8 | AM4: 38.6 | AN4: 1.7 | AO4: 1.3 | AP4: 18.4 | AQ4: 27.7 | AR4: -0.6 | AS4: 2.6 | AT4: 1.9 | AU4: 0.044 | AV4: 0.3 | AW4: -0.1 | AX4: 0.2 | AY4: 1.2 | AZ4: =0.5*AX4 + 0.5*AT4 -> 1.05 | BA4: =IF(B4>0, AZ4*1000000/B4, 0) -> 0.022302379
A5: LeBron James | B5: 44474988 | C5: PF | D5: 38 | E5: LAL | F5: 55 | G5: 54 | H5: 35.5 | I5: 11.1 | J5: 22.2 | K5: 0.5 | L5: 2.2 | M5: 6.9 | N5: 0.321 | O5: 8.9 | P5: 15.3 | Q5: 0.58 | R5: 0.549 | S5: 4.6 | T5: 5.9 | U5: 0.768 | V5: 1.2 | W5: 7.1 | X5: 8.3 | Y5: 6.8 | Z5: 0.9 | AA5: 0.6 | AB5: 3.2 | AC5: 1.6 | AD5: 28.9 | AE5: 1954 | AF5: 23.9 | AG5: 0.583 | AH5: 0.309 | AI5: 0.268 | AJ5: 3.7 | AK5: 20.8 | AL5: 12.5 | AM5: 33.5 | AN5: 1.2 | AO5: 1.4 | AP5: 11.6 | AQ5: 33.3 | AR5: 3.2 | AS5: 2.4 | AT5: 5.6 | AU5: 0.138 | AV5: 5.5 | AW5: 0.6 | AX5: 6.1 | AY5: 4 | AZ5: =0.5*AX5 + 0.5*AT5 -> 5.85 | BA5: =IF(B5>0, AZ5*1000000/B5, 0) -> 0.13153461
A6: Kevin Durant | B6: 44119845 | C6: PF | D6: 34 | E6: PHO | F6: 47 | G6: 47 | H6: 35.6 | I6: 10.3 | J6: 18.3 | K6: 0.56 | L6: 2 | M6: 4.9 | N6: 0.404 | O6: 8.3 | P6: 13.4 | Q6: 0.617 | R6: 0.614 | S6: 6.5 | T6: 7.1 | U6: 0.919 | V6: 0.4 | W6: 6.3 | X6: 6.7 | Y6: 5 | Z6: 0.7 | AA6: 1.4 | AB6: 3.3 | AC6: 2.1 | AD6: 29.1 | AE6: 1672 | AF6: 25.9 | AG6: 0.677 | AH6: 0.267 | AI6: 0.387 | AJ6: 1.2 | AK6: 19.5 | AL6: 10.5 | AM6: 24.5 | AN6: 1 | AO6: 3.4 | AP6: 13.4 | AQ6: 30.7 | AR6: 4.7 | AS6: 2.1 | AT6: 6.8 | AU6: 0.194 | AV6: 6 | AW6: 1.2 | AX6: 7.1 | AY6: 3.9 | AZ6: =0.5*AX6 + 0.5*AT6 -> 6.95 | BA6: =IF(B6>0, AZ6*1000000/B6, 0) -> 0.15752549
A7: Bradley Beal | B7: 43279250 | C7: SG | D7: 29 | E7: WAS | F7: 50 | G7: 50 | H7: 33.5 | I7: 8.9 | J7: 17.6 | K7: 0.506 | L7: 1.6 | M7: 4.4 | N7: 0.365 | O7: 7.3 | P7: 13.2 | Q7: 0.552 | R7: 0.551 | S7: 3.8 | T7: 4.6 | U7: 0.842 | V7: 0.8 | W7: 3.1 | X7: 3.9 | Y7: 5.4 | Z7: 0.9 | AA7: 0.7 | AB7: 2.9 | AC7: 2.1 | AD7: 23.2 | AE7: 1673 | AF7: 19.7 | AG7: 0.593 | AH7: 0.249 | AI7: 0.26 | AJ7: 2.8 | AK7: 9.9 | AL7: 6.5 | AM7: 26.6 | AN7: 1.3 | AO7: 1.7 | AP7: 12.9 | AQ7: 29.2 | AR7: 2.2 | AS7: 1.2 | AT7: 3.4 | AU7: 0.099 | AV7: 2.9 | AW7: -1.2 | AX7: 1.8 | AY7: 1.6 | AZ7: =0.5*AX7 + 0.5*AT7 -> 2.6 | BA7: =IF(B7>0, AZ7*1000000/B7, 0) -> 0.060074978
A8: Kawhi Leonard | B8: 42492492 | C8: SF | D8: 31 | E8: LAC | F8: 52 | G8: 50 | H8: 33.6 | I8: 8.6 | J8: 16.8 | K8: 0.512 | L8: 2 | M8: 4.8 | N8: 0.416 | O8: 6.6 | P8: 11.9 | Q8: 0.551 | R8: 0.572 | S8: 4.7 | T8: 5.4 | U8: 0.871 | V8: 1.1 | W8: 5.4 | X8: 6.5 | Y8: 3.9 | Z8: 1.4 | AA8: 0.5 | AB8: 1.7 | AC8: 1.6 | AD8: 23.8 | AE8: 1748 | AF8: 23.9 | AG8: 0.623 | AH8: 0.287 | AI8: 0.32 | AJ8: 3.7 | AK8: 17.8 | AL8: 10.8 | AM8: 19.6 | AN8: 2 | AO8: 1.4 | AP8: 8.1 | AQ8: 27 | AR8: 4.9 | AS8: 2.2 | AT8: 7.1 | AU8: 0.194 | AV8: 5.1 | AW8: 0.9 | AX8: 6.1 | AY8: 3.5 | AZ8: =0.5*AX8 + 0.5*AT8 -> 6.6 | BA8: =IF(B8>0, AZ8*1000000/B8, 0) -> 0.15532156
A9: Paul George | B9: 42492492 | C9: SF | D9: 32 | E9: LAC | F9: 56 | G9: 56 | H9: 34.6 | I9: 8.2 | J9: 17.9 | K9: 0.457 | L9: 2.8 | M9: 7.6 | N9: 0.371 | O9: 5.4 | P9: 10.3 | Q9: 0.521 | R9: 0.536 | S9: 4.6 | T9: 5.3 | U9: 0.871 | V9: 0.8 | W9: 5.3 | X9: 6.1 | Y9: 5.1 | Z9: 1.5 | AA9: 0.4 | AB9: 3.1 | AC9: 2.8 | AD9: 23.8 | AE9: 1939 | AF9: 19.6 | AG9: 0.588 | AH9: 0.424 | AI9: 0.293 | AJ9: 2.6 | AK9: 17 | AL9: 9.9 | AM9: 24.2 | AN9: 2.1 | AO9: 0.9 | AP9: 13.4 | AQ9: 29.5 | AR9: 2.3 | AS9: 2.3 | AT9: 4.6 | AU9: 0.114 | AV9: 2.4 | AW9: 0.3 | AX9: 2.8 | AY9: 2.3 | AZ9: =0.5*AX9 + 0.5*AT9 -> 3.7 | BA9: =IF(B9>0, AZ9*1000000/B9, 0) -> 0.087074206
A10: Giannis Antetokounmpo | B10: 42492492 | C10: PF | D10: 28 | E10: MIL | F10: 63 | G10: 63 | H10: 32.1 | I10: 11.2 | J10: 20.3 | K10: 0.553 | L10: 0.7 | M10: 2.7 | N10: 0.275 | O10: 10.5 | P10: 17.6 | Q10: 0.596 | R10: 0.572 | S10: 7.9 | T10: 12.3 | U10: 0.645 | V10: 2.2 | W10: 9.6 | X10: 11.8 | Y10: 5.7 | Z10: 0.8 | AA10: 0.8 | AB10: 3.9 | AC10: 3.1 | AD10: 31.1 | AE10: 2024 | AF10: 29 | AG10: 0.605 | AH10: 0.134 | AI10: 0.604 | AJ10: 7.3 | AK10: 30 | AL10: 19.1 | AM10: 33.2 | AN10: 1.2 | AO10: 2.1 | AP10: 13.2 | AQ10: 38.8 | AR10: 4.9 | AS10: 3.7 | AT10: 8.6 | AU10: 0.204 | AV10: 5.8 | AW10: 2.7 | AX10: 8.5 | AY10: 5.4 | AZ10: =0.5*AX10 + 0.5*AT10 -> 8.55 | BA10: =IF(B10>0, AZ10*1000000/B10, 0) -> 0.20121202
A11: Damian Lillard | B11: 42492492 | C11: PG | D11: 32 | E11: POR | F11: 58 | G11: 58 | H11: 36.3 | I11: 9.6 | J11: 20.7 | K11: 0.463 | L11: 4.2 | M11: 11.3 | N11: 0.371 | O11: 5.4 | P11: 9.4 | Q11: 0.574 | R11: 0.564 | S11: 8.8 | T11: 9.6 | U11: 0.914 | V11: 0.8 | W11: 4 | X11: 4.8 | Y11: 7.3 | Z11: 0.9 | AA11: 0.3 | AB11: 3.3 | AC11: 1.9 | AD11: 32.2 | AE11: 2107 | AF11: 26.7 | AG11: 0.645 | AH11: 0.547 | AI11: 0.464 | AJ11: 2.4 | AK11: 12.8 | AL11: 7.6 | AM11: 35 | AN11: 1.2 | AO11: 0.8 | AP11: 11.7 | AQ11: 33.8 | AR11: 8.2 | AS11: 0.8 | AT11: 9 | AU11: 0.205 | AV11: 8.3 | AW11: -1.2 | AX11: 7.1 | AY11: 4.9 | AZ11: =0.5*AX11 + 0.5*AT11 -> 8.05 | BA11: =IF(B11>0, AZ11*1000000/B11, 0) -> 0.18944523
A12: Klay Thompson | B12: 40600080 | C12: SF | D12: 32 | E12: GSW | F12: 69 | G12: 69 | H12: 33 | I12: 7.9 | J12: 18.1 | K12: 0.436 | L12: 4.4 | M12: 10.6 | N12: 0.412 | O12: 3.6 | P12: 7.6 | Q12: 0.47 | R12: 0.556 | S12: 1.7 | T12: 1.9 | U12: 0.879 | V12: 0.6 | W12: 3.6 | X12: 4.1 | Y12: 2.4 | Z12: 0.7 | AA12: 0.4 | AB12: 1.8 | AC12: 1.9 | AD12: 21.9 | AE12: 2279 | AF12: 14.7 | AG12: 0.576 | AH12: 0.584 | AI12: 0.105 | AJ12: 1.9 | AK12: 11.7 | AL12: 6.9 | AM12: 11 | AN12: 1 | AO12: 1.1 | AP12: 8.6 | AQ12: 26.4 | AR12: 1.2 | AS12: 1.9 | AT12: 3.1 | AU12: 0.066 | AV12: 1.5 | AW12: -1.7 | AX12: -0.3 | AY12: 1 | AZ12: =0.5*AX12 + 0.5*AT12 -> 1.4 | BA12: =IF(B12>0, AZ12*1000000/B12, 0) -> 0.034482691
A13: Kyrie Irving | B13: 38917057 | C13: SG | D13: 30 | E13: DAL | F13: 60 | G13: 60 | H13: 37.4 | I13: 9.9 | J13: 20.1 | K13: 0.494 | L13: 3.1 | M13: 8.3 | N13: 0.379 | O13: 6.8 | P13: 11.8 | Q13: 0.574 | R13: 0.572 | S13: 4.1 | T13: 4.6 | U13: 0.905 | V13: 1 | W13: 4.1 | X13: 5.1 | Y13: 5.5 | Z13: 1.1 | AA13: 0.8 | AB13: 2.1 | AC13: 2.8 | AD13: 27.1 | AE13: 2241 | AF13: 22.4 | AG13: 0.613 | AH13: 0.412 | AI13: 0.227 | AJ13: 3 | AK13: 12.3 | AL13: 7.7 | AM13: 25.4 | AN13: 1.4 | AO13: 1.7 | AP13: 8.8 | AQ13: 28.9 | AR13: 5.4 | AS13: 2 | AT13: 7.4 | AU13: 0.159 | AV13: 4.8 | AW13: -0.7 | AX13: 4.1 | AY13: 3.5 | AZ13: =0.5*AX13 + 0.5*AT13 -> 5.75 | BA13: =IF(B13>0, AZ13*1000000/B13, 0) -> 0.14775012
... A76: Dejounte Murray | B76: 17071120 | C76: SG | D76: 26 | E76: ATL | F76: 74 | G76: 74 | H76: 36.4 | I76: 8.3 | J76: 17.8 | K76: 0.464 | L76: 1.8 | M76: 5.2 | N76: 0.344 | O76: 6.5 | P76: 12.6 | Q76: 0.514 | R76: 0.514 | S76: 2.1 | T76: 2.6 | U76: 0.832 | V76: 0.7 | W76: 4.5 | X76: 5.3 | Y76: 6.1 | Z76: 1.5 | AA76: 0.3 | AB76: 2.2 | AC76: 1.4 | AD76: 20.5 | AE76: 2693 | AF76: 17 | AG76: 0.54 | AH76: 0.293 | AI76: 0.144 | AJ76: 2.1 | AK76: 13.8 | AL76: 7.9 | AM76: 24 | AN76: 2 | AO76: 0.6 | AP76: 10.2 | AQ76: 24.4 | AR76: 2.4 | AS76: 2.3 | AT76: 4.7 | AU76: 0.084 | AV76: 1.1 | AW76: 0 | AX76: 1 | AY76: 2.1 | AZ76: =0.5*AX76 + 0.5*AT76 -> 2.85 | BA76: =IF(B76>0, AZ76*1000000/B76, 0) -> 0.16694862
A77: Mitchell Robinson | B77: 17045454 | C77: C | D77: 24 | E77: NYK | F77: 59 | G77: 58 | H77: 27 | I77: 3.2 | J77: 4.7 | K77: 0.671 | L77: 0 | M77: 0 | O77: 3.2 | P77: 4.7 | Q77: 0.671 | R77: 0.671 | S77: 1 | T77: 2.1 | U77: 0.484 | V77: 4.5 | W77: 4.9 | X77: 9.4 | Y77: 0.9 | Z77: 0.9 | AA77: 1.8 | AB77: 0.7 | AC77: 2.7 | AD77: 7.4 | AE77: 1591 | AF77: 18.9 | AG77: 0.652 | AH77: 0 | AI77: 0.436 | AJ77: 18.4 | AK77: 20 | AL77: 19.2 | AM77: 4.5 | AN77: 1.7 | AO77: 6.5 | AP77: 10.9 | AQ77: 10.1 | AR77: 4 | AS77: 2.6 | AT77: 6.5 | AU77: 0.197 | AV77: 1 | AW77: 1.4 | AX77: 2.4 | AY77: 1.7 | AZ77: =0.5*AX77 + 0.5*AT77 -> 4.45 | BA77: =IF(B77>0, AZ77*1000000/B77, 0) -> 0.26106668
A78: Duncan Robinson | B78: 16902000 | C78: SF | D78: 28 | E78: MIA | F78: 42 | G78: 1 | H78: 16.5 | I78: 2.1 | J78: 5.6 | K78: 0.371 | L78: 1.5 | M78: 4.6 | N78: 0.328 | O78: 0.6 | P78: 1.1 | Q78: 0.556 | R78: 0.504 | S78: 0.7 | T78: 0.8 | U78: 0.906 | V78: 0.2 | W78: 1.5 | X78: 1.6 | Y78: 1.1 | Z78: 0.3 | AA78: 0 | AB78: 0.7 | AC78: 1.8 | AD78: 6.4 | AE78: 691 | AF78: 7.8 | AG78: 0.534 | AH78: 0.81 | AI78: 0.135 | AJ78: 1.3 | AK78: 10.7 | AL78: 5.9 | AM78: 9.7 | AN78: 1 | AO78: 0 | AP78: 10 | AQ78: 17.9 | AR78: -0.1 | AS78: 0.6 | AT78: 0.5 | AU78: 0.035 | AV78: -3.5 | AW78: -1.5 | AX78: -5 | AY78: -0.5 | AZ78: =0.5*AX78 + 0.5*AT78 -> -2.25 | BA78: =IF(B78>0, AZ78*1000000/B78, 0) -> -0.13312034
A79: Norman Powell | B79: 16758621 | C79: SG | D79: 29 | E79: LAC | F79: 60 | G79: 8 | H79: 26.1 | I79: 5.7 | J79: 11.8 | K79: 0.479 | L79: 1.9 | M79: 4.8 | N79: 0.397 | O79: 3.8 | P79: 7.1 | Q79: 0.534 | R79: 0.559 | S79: 3.8 | T79: 4.6 | U79: 0.812 | V79: 0.4 | W79: 2.5 | X79: 2.9 | Y79: 1.8 | Z79: 0.8 | AA79: 0.3 | AB79: 1.7 | AC79: 2.1 | AD79: 17 | AE79: 1567 | AF79: 17.1 | AG79: 0.612 | AH79: 0.404 | AI79: 0.39 | AJ79: 1.7 | AK79: 10.7 | AL79: 6.3 | AM79: 11 | AN79: 1.6 | AO79: 1 | AP79: 10.8 | AQ79: 26 | AR79: 2.1 | AS79: 1.4 | AT79: 3.5 | AU79: 0.107 | AV79: 0.9 | AW79: -0.7 | AX79: 0.3 | AY79: 0.9 | AZ79: =0.5*AX79 + 0.5*AT79 -> 1.9 | BA79: =IF(B79>0, AZ79*1000000/B79, 0) -> 0.11337448
A80: Collin Sexton | B80: 16700000 | C80: PG | D80: 24 | E80: UTA | F80: 48 | G80: 15 | H80: 23.9 | I80: 4.9 | J80: 9.8 | K80: 0.506 | L80: 1 | M80: 2.5 | N80: 0.393 | O80: 3.9 | P80: 7.2 | Q80: 0.546 | R80: 0.558 | S80: 3.4 | T80: 4.1 | U80: 0.819 | V80: 0.8 | W80: 1.4 | X80: 2.2 | Y80: 2.9 | Z80: 0.6 | AA80: 0.1 | AB80: 1.8 | AC80: 2.3 | AD80: 14.3 | AE80: 1145 | AF80: 15.9 | AG80: 0.616 | AH80: 0.261 | AI80: 0.425 | AJ80: 3.5 | AK80: 6.3 | AL80: 5 | AM80: 17.9 | AN80: 1.1 | AO80: 0.4 | AP80: 13.3 | AQ80: 23.4 | AR80: 2 | AS80: 0.5 | AT80: 2.5 | AU80: 0.105 | AV80: 0.1 | AW80: -1.5 | AX80: -1.3 | AY80: 0.2 | AZ80: =0.5*AX80 + 0.5*AT80 -> 0.6 | BA80: =IF(B80>0, AZ80*1000000/B80, 0) -> 0.035928144
A81: Markelle Fultz | B81: 16500000 | C81: PG | D81: 24 | E81: ORL | F81: 60 | G81: 60 | H81: 29.6 | I81: 5.8 | J81: 11.3 | K81: 0.514 | L81: 0.5 | M81: 1.5 | N81: 0.31 | O81: 5.4 | P81: 9.9 | Q81: 0.544 | R81: 0.534 | S81: 1.9 | T81: 2.4 | U81: 0.783 | V81: 1.2 | W81: 2.8 | X81: 3.9 | Y81: 5.7 | Z81: 1.5 | AA81: 0.4 | AB81: 2.3 | AC81: 2.2 | AD81: 14 | AE81: 1778 | AF81: 16.6 | AG81: 0.564 | AH81: 0.128 | AI81: 0.211 | AJ81: 4.4 | AK81: 10.5 | AL81: 7.4 | AM81: 29.8 | AN81: 2.4 | AO81: 1.4 | AP81: 15.8 | AQ81: 21.3 | AR81: 1.7 | AS81: 2 | AT81: 3.7 | AU81: 0.1 | AV81: -0.1 | AW81: 0.7 | AX81: 0.5 | AY81: 1.2 | AZ81: =0.5*AX81 + 0.5*AT81 -> 2.1 | BA81: =IF(B81>0, AZ81*1000000/B81, 0) -> 0.12727273
A82: Lauri Markkanen | B82: 16475454 | C82: PF | D82: 25 | E82: UTA | F82: 66 | G82: 66 | H82: 34.4 | I82: 8.7 | J82: 17.3 | K82: 0.499 | L82: 3 | M82: 7.7 | N82: 0.391 | O82: 5.6 | P82: 9.6 | Q82: 0.585 | R82: 0.586 | S82: 5.3 | T82: 6 | U82: 0.875 | V82: 2 | W82: 6.7 | X82: 8.6 | Y82: 1.9 | Z82: 0.6 | AA82: 0.6 | AB82: 1.9 | AC82: 2.1 | AD82: 25.6 | AE82: 2273 | AF82: 22.1 | AG82: 0.64 | AH82: 0.446 | AI82: 0.348 | AJ82: 6.3 | AK82: 20.7 | AL82: 13.6 | AM82: 8.6 | AN82: 0.9 | AO82: 1.4 | AP82: 8.8 | AQ82: 26.6 | AR82: 6.3 | AS82: 1.9 | AT82: 8.2 | AU82: 0.173 | AV82: 4.9 | AW82: -1 | AX82: 3.8 | AY82: 3.3 | AZ82: =0.5*AX82 + 0.5*AT82 -> 6 | BA82: =IF(B82>0, AZ82*1000000/B82, 0) -> 0.36417813
A83: Marcus Morris | B83: 16372093 | C83: PF | D83: 33 | E83: LAC | F83: 65 | G83: 65 | H83: 28.1 | I83: 4.2 | J83: 9.9 | K83: 0.426 | L83: 1.7 | M83: 4.7 | N83: 0.364 | O83: 2.5 | P83: 5.2 | Q83: 0.484 | R83: 0.513 | S83: 1 | T83: 1.3 | U83: 0.782 | V83: 0.4 | W83: 3.5 | X83: 4 | Y83: 1.8 | Z83: 0.6 | AA83: 0.3 | AB83: 0.9 | AC83: 2.1 | AD83: 11.2 | AE83: 1825 | AF83: 10.5 | AG83: 0.534 | AH83: 0.479 | AI83: 0.135 | AJ83: 1.8 | AK83: 13.9 | AL83: 7.9 | AM83: 8.9 | AN83: 1.1 | AO83: 1 | AP83: 7.6 | AQ83: 17.6 | AR83: 0.4 | AS83: 1.6 | AT83: 2 | AU83: 0.053 | AV83: -1.8 | AW83: -0.2 | AX83: -1.9 | AY83: 0 | AZ83: =0.5*AX83 + 0.5*AT83 -> 0.05 | BA83: =IF(B83>0, AZ83*1000000/B83, 0) -> 0.0030539773
A84: Malik Beasley | B84: 15558035 | C84: SG | D84: 26 | E84: UTA | F84: 81 | G84: 27 | H84: 25.8 | I84: 4.6 | J84: 11.6 | K84: 0.395 | L84: 2.9 | M84: 8.1 | N84: 0.357 | O84: 1.7 | P84: 3.4 | Q84: 0.484 | R84: 0.52 | S84: 0.6 | T84: 0.8 | U84: 0.769 | V84: 0.4 | W84: 3.1 | X84: 3.5 | Y84: 1.5 | Z84: 0.8 | AA84: 0.1 | AB84: 1.1 | AC84: 1.3 | AD84: 12.7 | AE84: 2093 | AF84: 10.9 | AG84: 0.531 | AH84: 0.702 | AI84: 0.069 | AJ84: 1.8 | AK84: 12.5 | AL84: 7.3 | AM84: 8.4 | AN84: 1.5 | AO84: 0.4 | AP84: 8.5 | AQ84: 21.1 | AR84: -0.2 | AS84: 1.6 | AT84: 1.4 | AU84: 0.032 | AV84: -0.9 | AW84: -1 | AX84: -2 | AY84: 0 | AZ84: =0.5*AX84 + 0.5*AT84 -> -0.3 | BA84: =IF(B84>0, AZ84*1000000/B84, 0) -> -0.019282641
A85: Luguentz Dort | B85: 15277778 | C85: SF | D85: 23 | E85: OKC | F85: 74 | G85: 73 | H85: 30.7 | I85: 4.6 | J85: 11.8 | K85: 0.388 | L85: 1.8 | M85: 5.5 | N85: 0.33 | O85: 2.8 | P85: 6.3 | Q85: 0.44 | R85: 0.466 | S85: 2.7 | T85: 3.5 | U85: 0.772 | V85: 1.7 | W85: 2.9 | X85: 4.6 | Y85: 2.1 | Z85: 1 | AA85: 0.3 | AB85: 1.2 | AC85: 3.3 | AD85: 13.7 | AE85: 2272 | AF85: 11.3 | AG85: 0.513 | AH85: 0.468 | AI85: 0.297 | AJ85: 5.9 | AK85: 10.4 | AL85: 8.1 | AM85: 9.2 | AN85: 1.6 | AO85: 0.9 | AP85: 8.5 | AQ85: 19.8 | AR85: 0.9 | AS85: 2.1 | AT85: 2.9 | AU85: 0.062 | AV85: -2 | AW85: -1 | AX85: -3 | AY85: -0.6 | AZ85: =0.5*AX85 + 0.5*AT85 -> -0.05 | BA85: =IF(B85>0, AZ85*1000000/B85, 0) -> -0.0032727272
A86: Will Barton | B86: 15059712 | C86: SG | D86: 32 | E86: TOR | F86: 56 | G86: 2 | H86: 17.7 | I86: 2.5 | J86: 6.5 | K86: 0.379 | L86: 1.2 | M86: 3.2 | N86: 0.367 | O86: 1.3 | P86: 3.3 | Q86: 0.391 | R86: 0.47 | S86: 0.7 | T86: 0.8 | U86: 0.787 | V86: 0.3 | W86: 2.2 | X86: 2.4 | Y86: 2 | Z86: 0.5 | AA86: 0.2 | AB86: 0.9 | AC86: 1 | AD86: 6.8 | AE86: 993 | AF86: 10 | AG86: 0.493 | AH86: 0.495 | AI86: 0.129 | AJ86: 1.7 | AK86: 13.5 | AL86: 7.7 | AM86: 15.4 | AN86: 1.4 | AO86: 1.1 | AP86: 11.1 | AQ86: 18.9 | AR86: -0.4 | AS86: 0.8 | AT86: 0.4 | AU86: 0.021 | AV86: -2 | AW86: -0.6 | AX86: -2.6 | AY86: -0.2 | AZ86: =0.5*AX86 + 0.5*AT86 -> -1.1 | BA86: =IF(B86>0, AZ86*1000000/B86, 0) -> -0.073042565
A87: Tyus Jones | B87: 15000000 | C87: PG | D87: 26 | E87: MEM | F87: 80 | G87: 22 | H87: 24.3 | I87: 3.9 | J87: 8.9 | K87: 0.438 | L87: 1.5 | M87: 4.1 | N87: 0.371 | O87: 2.4 | P87: 4.8 | Q87: 0.495 | R87: 0.523 | S87: 1 | T87: 1.3 | U87: 0.8 | V87: 0.4 | W87: 2.2 | X87: 2.5 | Y87: 5.2 | Z87: 1 | AA87: 0.1 | AB87: 0.9 | AC87: 0.4 | AD87: 10.3 | AE87: 1940 | AF87: 16 | AG87: 0.546 | AH87: 0.459 | AI87: 0.141 | AJ87: 1.5 | AK87: 9.4 | AL87: 5.5 | AM87: 28.8 | AN87: 2 | AO87: 0.3 | AP87: 8.9 | AQ87: 17.7 | AR87: 3.4 | AS87: 2.3 | AT87: 5.7 | AU87: 0.141 | AV87: 1.2 | AW87: 0.3 | AX87: 1.6 | AY87: 1.7 | AZ87: =0.5*AX87 + 0.5*AT87 -> 3.65 | BA87: =IF(B87>0, AZ87*1000000/B87, 0) -> 0.24333333
A88: Derrick Rose | B88: 14520730 | C88: PG | D88: 34 | E88: NYK | F88: 27 | G88: 0 | H88: 12.5 | I88: 2.3 | J88: 5.9 | K88: 0.384 | L88: 0.7 | M88: 2.3 | N88: 0.302 | O88: 1.6 | P88: 3.6 | Q88: 0.438 | R88: 0.443 | S88: 0.4 | T88: 0.4 | U88: 0.917 | V88: 0.3 | W88: 1.2 | X88: 1.5 | Y88: 1.7 | Z88: 0.3 | AA88: 0.2 | AB88: 0.8 | AC88: 0.7 | AD88: 5.6 | AE88: 338 | AF88: 10.1 | AG88: 0.463 | AH88: 0.396 | AI88: 0.075 | AJ88: 2.6 | AK88: 10.4 | AL88: 6.5 | AM88: 19.9 | AN88: 1 | AO88: 1.4 | AP88: 11.8 | AQ88: 23.6 | AR88: -0.3 | AS88: 0.3 | AT88: 0 | AU88: -0.001 | AV88: -2.2 | AW88: -1.5 | AX88: -3.7 | AY88: -0.1 | AZ88: =0.5*AX88 + 0.5*AT88 -> -1.85 | BA88: =IF(B88>0, AZ88*1000000/B88, 0) -> -0.12740406
A89: Kevin Huerter | B89: 14508929 | C89: SG | D89: 24 | E89: SAC | F89: 75 | G89: 75 | H89: 29.4 | I89: 5.6 | J89: 11.5 | K89: 0.485 | L89: 2.7 | M89: 6.8 | N89: 0.402 | O89: 2.9 | P89: 4.7 | Q89: 0.604 | R89: 0.603 | S89: 1.3 | T89: 1.7 | U89: 0.725 | V89: 0.6 | W89: 2.8 | X89: 3.3 | Y89: 2.9 | Z89: 1.1 | AA89: 0.3 | AB89: 1.3 | AC89: 2.4 | AD89: 15.2 | AE89: 2203 | AF89: 15.2 | AG89: 0.617 | AH89: 0.589 | AI89: 0.151 | AJ89: 2.2 | AK89: 10.8 | AL89: 6.5 | AM89: 14.1 | AN89: 1.7 | AO89: 1 | AP89: 9.5 | AQ89: 19.9 | AR89: 3.3 | AS89: 1.7 | AT89: 4.9 | AU89: 0.107 | AV89: 1.4 | AW89: -0.3 | AX89: 1 | AY89: 1.7 | AZ89: =0.5*AX89 + 0.5*AT89 -> 2.95 | BA89: =IF(B89>0, AZ89*1000000/B89, 0) -> 0.20332307
... A134: Monte Morris | B134: 9125000 | C134: PG | D134: 27 | E134: WAS | F134: 62 | G134: 61 | H134: 27.3 | I134: 4 | J134: 8.3 | K134: 0.48 | L134: 1.3 | M134: 3.3 | N134: 0.382 | O134: 2.7 | P134: 5 | Q134: 0.543 | R134: 0.555 | S134: 1 | T134: 1.2 | U134: 0.831 | V134: 0.4 | W134: 3 | X134: 3.4 | Y134: 5.3 | Z134: 0.7 | AA134: 0.2 | AB134: 1 | AC134: 1.2 | AD134: 10.3 | AE134: 1695 | AF134: 15 | AG134: 0.579 | AH134: 0.396 | AI134: 0.15 | AJ134: 1.8 | AK134: 11.6 | AL134: 6.9 | AM134: 26.4 | AN134: 1.2 | AO134: 0.6 | AP134: 9.9 | AQ134: 15.6 | AR134: 3.1 | AS134: 1.1 | AT134: 4.2 | AU134: 0.12 | AV134: 0.8 | AW134: -0.4 | AX134: 0.5 | AY134: 1.1 | AZ134: =0.5*AX134 + 0.5*AT134 -> 2.35 | BA134: =IF(B134>0, AZ134*1000000/B134, 0) -> 0.25753425
A135: Mason Plumlee | B135: 9080417 | C135: C | D135: 32 | E135: CHA | F135: 79 | G135: 60 | H135: 26 | I135: 4.2 | J135: 6.1 | K135: 0.68 | L135: 0 | M135: 0 | O135: 4.2 | P135: 6.1 | Q135: 0.68 | R135: 0.68 | S135: 2.5 | T135: 4 | U135: 0.636 | V135: 2.9 | W135: 6 | X135: 8.9 | Y135: 3.1 | Z135: 0.6 | AA135: 0.6 | AB135: 1.5 | AC135: 2.7 | AD135: 10.8 | AE135: 2054 | AF135: 19.6 | AG135: 0.689 | AH135: 0 | AI135: 0.647 | AJ135: 11.8 | AK135: 25.1 | AL135: 18.4 | AM135: 17.3 | AN135: 1.1 | AO135: 2 | AP135: 15.8 | AQ135: 15.2 | AR135: 5.5 | AS135: 2.4 | AT135: 7.9 | AU135: 0.185 | AV135: 1.2 | AW135: 1 | AX135: 2.2 | AY135: 2.2 | AZ135: =0.5*AX135 + 0.5*AT135 -> 5.05 | BA135: =IF(B135>0, AZ135*1000000/B135, 0) -> 0.55614186
A136: Alex Caruso | B136: 9030000 | C136: PG | D136: 28 | E136: CHI | F136: 67 | G136: 36 | H136: 23.5 | I136: 1.9 | J136: 4.3 | K136: 0.455 | L136: 0.8 | M136: 2.3 | N136: 0.364 | O136: 1.1 | P136: 2 | Q136: 0.556 | R136: 0.551 | S136: 0.9 | T136: 1.1 | U136: 0.808 | V136: 0.6 | W136: 2.3 | X136: 2.9 | Y136: 2.9 | Z136: 1.5 | AA136: 0.7 | AB136: 1.1 | AC136: 2.4 | AD136: 5.6 | AE136: 1575 | AF136: 11.5 | AG136: 0.588 | AH136: 0.528 | AI136: 0.255 | AJ136: 3.1 | AK136: 10.9 | AL136: 7.1 | AM136: 15.4 | AN136: 3 | AO136: 2.8 | AP136: 19.5 | AQ136: 11.1 | AR136: 1 | AS136: 2.6 | AT136: 3.6 | AU136: 0.109 | AV136: -2.2 | AW136: 3.3 | AX136: 1.1 | AY136: 1.2 | AZ136: =0.5*AX136 + 0.5*AT136 -> 2.35 | BA136: =IF(B136>0, AZ136*1000000/B136, 0) -> 0.26024363
A137: Maxi Kleber | B137: 9000000 | C137: PF | D137: 31 | E137: DAL | F137: 37 | G137: 5 | H137: 25.1 | I137: 2.1 | J137: 4.6 | K137: 0.456 | L137: 1.1 | M137: 3 | N137: 0.348 | O137: 1 | P137: 1.5 | Q137: 0.667 | R137: 0.571 | S137: 0.7 | T137: 1 | U137: 0.711 | V137: 0.8 | W137: 2.8 | X137: 3.6 | Y137: 1.4 | Z137: 0.3 | AA137: 0.8 | AB137: 0.7 | AC137: 2.3 | AD137: 5.9 | AE137: 930 | AF137: 8.7 | AG137: 0.592 | AH137: 0.663 | AI137: 0.225 | AJ137: 3.7 | AK137: 13.3 | AL137: 8.4 | AM137: 7.5 | AN137: 0.6 | AO137: 2.9 | AP137: 12.7 | AQ137: 10.3 | AR137: 0.7 | AS137: 0.6 | AT137: 1.3 | AU137: 0.067 | AV137: -2.2 | AW137: 0 | AX137: -2.2 | AY137: 0 | AZ137: =0.5*AX137 + 0.5*AT137 -> -0.45 | BA137: =IF(B137>0, AZ137*1000000/B137, 0) -> -0.05
A138: Grayson Allen | B138: 8925000 | C138: SG | D138: 27 | E138: MIL | F138: 72 | G138: 70 | H138: 27.4 | I138: 3.4 | J138: 7.7 | K138: 0.44 | L138: 2 | M138: 5.1 | N138: 0.399 | O138: 1.4 | P138: 2.7 | Q138: 0.518 | R138: 0.571 | S138: 1.6 | T138: 1.8 | U138: 0.905 | V138: 0.8 | W138: 2.4 | X138: 3.3 | Y138: 2.3 | Z138: 0.9 | AA138: 0.2 | AB138: 1 | AC138: 1.6 | AD138: 10.4 | AE138: 1972 | AF138: 12.3 | AG138: 0.612 | AH138: 0.657 | AI138: 0.226 | AJ138: 3.4 | AK138: 9 | AL138: 6.3 | AM138: 10.9 | AN138: 1.5 | AO138: 0.6 | AP138: 10.5 | AQ138: 14.6 | AR138: 2.8 | AS138: 2.2 | AT138: 5.1 | AU138: 0.123 | AV138: -0.6 | AW138: 0.7 | AX138: 0.1 | AY138: 1 | AZ138: =0.5*AX138 + 0.5*AT138 -> 2.6 | BA138: =IF(B138>0, AZ138*1000000/B138, 0) -> 0.29131653
A139: Darius Garland | B139: 8920794 | C139: PG | D139: 23 | E139: CLE | F139: 69 | G139: 69 | H139: 35.5 | I139: 7.6 | J139: 16.4 | K139: 0.462 | L139: 2.4 | M139: 6 | N139: 0.41 | O139: 5.1 | P139: 10.4 | Q139: 0.492 | R139: 0.537 | S139: 4 | T139: 4.7 | U139: 0.863 | V139: 0.4 | W139: 2.3 | X139: 2.7 | Y139: 7.8 | Z139: 1.2 | AA139: 0.1 | AB139: 2.9 | AC139: 2.1 | AD139: 21.6 | AE139: 2447 | AF139: 18.8 | AG139: 0.587 | AH139: 0.365 | AI139: 0.284 | AJ139: 1.3 | AK139: 7.6 | AL139: 4.5 | AM139: 34.1 | AN139: 1.7 | AO139: 0.3 | AP139: 13.5 | AQ139: 26.9 | AR139: 4.5 | AS139: 3 | AT139: 7.6 | AU139: 0.148 | AV139: 3.2 | AW139: -0.7 | AX139: 2.4 | AY139: 2.7 | AZ139: =0.5*AX139 + 0.5*AT139 -> 5 | BA139: =IF(B139>0, AZ139*1000000/B139, 0) -> 0.56048823
A140: Isaiah Hartenstein | B140: 8854879 | C140: C | D140: 24 | E140: NYK | F140: 82 | G140: 8 | H140: 19.8 | I140: 2.1 | J140: 4 | K140: 0.535 | L140: 0.1 | M140: 0.5 | N140: 0.216 | O140: 2 | P140: 3.5 | Q140: 0.576 | R140: 0.547 | S140: 0.6 | T140: 0.9 | U140: 0.676 | V140: 2.5 | W140: 4 | X140: 6.5 | Y140: 1.2 | Z140: 0.6 | AA140: 0.8 | AB140: 0.8 | AC140: 2.6 | AD140: 5 | AE140: 1626 | AF140: 14.2 | AG140: 0.567 | AH140: 0.113 | AI140: 0.217 | AJ140: 14.1 | AK140: 22.2 | AL140: 18.1 | AM140: 8.3 | AN140: 1.6 | AO140: 3.7 | AP140: 15.6 | AQ140: 11.2 | AR140: 2.2 | AS140: 2.4 | AT140: 4.6 | AU140: 0.136 | AV140: -1.5 | AW140: 1.2 | AX140: -0.3 | AY140: 0.7 | AZ140: =0.5*AX140 + 0.5*AT140 -> 2.15 | BA140: =IF(B140>0, AZ140*1000000/B140, 0) -> 0.242804
A141: Kyle Anderson | B141: 8780488 | C141: PF | D141: 29 | E141: MIN | F141: 69 | G141: 46 | H141: 28.4 | I141: 3.7 | J141: 7.2 | K141: 0.509 | L141: 0.6 | M141: 1.5 | N141: 0.41 | O141: 3 | P141: 5.7 | Q141: 0.536 | R141: 0.553 | S141: 1.4 | T141: 2 | U141: 0.735 | V141: 1 | W141: 4.4 | X141: 5.3 | Y141: 4.9 | Z141: 1.1 | AA141: 0.9 | AB141: 1.5 | AC141: 2.1 | AD141: 9.4 | AE141: 1957 | AF141: 14.8 | AG141: 0.583 | AH141: 0.212 | AI141: 0.275 | AJ141: 3.8 | AK141: 16.9 | AL141: 10.5 | AM141: 22.6 | AN141: 1.9 | AO141: 2.8 | AP141: 15.7 | AQ141: 14.4 | AR141: 2.5 | AS141: 2.6 | AT141: 5.1 | AU141: 0.125 | AV141: 0.2 | AW141: 2.3 | AX141: 2.5 | AY141: 2.2 | AZ141: =0.5*AX141 + 0.5*AT141 -> 3.8 | BA141: =IF(B141>0, AZ141*1000000/B141, 0) -> 0.43277777
A142: Victor Oladipo | B142: 8750000 | C142: SG | D142: 30 | E142: MIA | F142: 42 | G142: 2 | H142: 26.3 | I142: 3.8 | J142: 9.6 | K142: 0.397 | L142: 1.7 | M142: 5 | N142: 0.33 | O142: 2.1 | P142: 4.5 | Q142: 0.471 | R142: 0.484 | S142: 1.4 | T142: 1.9 | U142: 0.747 | V142: 0.4 | W142: 2.7 | X142: 3 | Y142: 3.5 | Z142: 1.4 | AA142: 0.3 | AB142: 2.1 | AC142: 2.4 | AD142: 10.7 | AE142: 1106 | AF142: 10.6 | AG142: 0.513 | AH142: 0.526 | AI142: 0.196 | AJ142: 1.6 | AK142: 12.3 | AL142: 6.8 | AM142: 19.8 | AN142: 2.6 | AO142: 1.1 | AP142: 16.6 | AQ142: 21.1 | AR142: -0.9 | AS142: 1.5 | AT142: 0.6 | AU142: 0.024 | AV142: -2.9 | AW142: 0.8 | AX142: -2.1 | AY142: 0 | AZ142: =0.5*AX142 + 0.5*AT142 -> -0.75 | BA142: =IF(B142>0, AZ142*1000000/B142, 0) -> -0.085714286
A143: Daniel Theis | B143: 8694369 | C143: C | D143: 30 | E143: IND | F143: 7 | G143: 1 | H143: 15.6 | I143: 3 | J143: 6.3 | K143: 0.477 | L143: 0.3 | M143: 1.6 | N143: 0.182 | O143: 2.7 | P143: 4.7 | Q143: 0.576 | R143: 0.5 | S143: 0.7 | T143: 1.7 | U143: 0.417 | V143: 1 | W143: 2.1 | X143: 3.1 | Y143: 1.3 | Z143: 0.3 | AA143: 0.9 | AB143: 0.4 | AC143: 1 | AD143: 7 | AE143: 109 | AF143: 14.2 | AG143: 0.497 | AH143: 0.25 | AI143: 0.273 | AJ143: 7.1 | AK143: 15.2 | AL143: 11.2 | AM143: 12.2 | AN143: 0.9 | AO143: 4.7 | AP143: 5.7 | AQ143: 20.1 | AR143: 0 | AS143: 0.1 | AT143: 0.1 | AU143: 0.046 | AV143: -0.9 | AW143: -0.5 | AX143: -1.4 | AY143: 0 | AZ143: =0.5*AX143 + 0.5*AT143 -> -0.65 | BA143: =IF(B143>0, AZ143*1000000/B143, 0) -> -0.074761032
A144: LaMelo Ball | B144: 8623920 | C144: PG | D144: 21 | E144: CHA | F144: 36 | G144: 36 | H144: 35.2 | I144: 8.2 | J144: 20 | K144: 0.411 | L144: 4 | M144: 10.6 | N144: 0.376 | O144: 4.2 | P144: 9.4 | Q144: 0.45 | R144: 0.51 | S144: 2.8 | T144: 3.4 | U144: 0.836 | V144: 1.2 | W144: 5.3 | X144: 6.4 | Y144: 8.4 | Z144: 1.3 | AA144: 0.3 | AB144: 3.6 | AC144: 3.3 | AD144: 23.3 | AE144: 1268 | AF144: 17.9 | AG144: 0.541 | AH144: 0.531 | AI144: 0.169 | AJ144: 3.5 | AK144: 16.2 | AL144: 9.7 | AM144: 38.7 | AN144: 1.7 | AO144: 0.8 | AP144: 14.3 | AQ144: 30 | AR144: 0.6 | AS144: 1.2 | AT144: 1.8 | AU144: 0.068 | AV144: 3.2 | AW144: -0.8 | AX144: 2.4 | AY144: 1.4 | AZ144: =0.5*AX144 + 0.5*AT144 -> 2.1 | BA144: =IF(B144>0, AZ144*1000000/B144, 0) -> 0.24350875
A145: Seth Curry | B145: 8496653 | C145: SG | D145: 32 | E145: BKN | F145: 61 | G145: 7 | H145: 19.9 | I145: 3.4 | J145: 7.4 | K145: 0.463 | L145: 1.5 | M145: 3.8 | N145: 0.405 | O145: 1.9 | P145: 3.6 | Q145: 0.525 | R145: 0.568 | S145: 0.8 | T145: 0.9 | U145: 0.927 | V145: 0.2 | W145: 1.4 | X145: 1.6 | Y145: 1.6 | Z145: 0.6 | AA145: 0.1 | AB145: 0.8 | AC145: 1.6 | AD145: 9.2 | AE145: 1211 | AF145: 12.3 | AG145: 0.593 | AH145: 0.517 | AI145: 0.122 | AJ145: 1.2 | AK145: 7.9 | AL145: 4.6 | AM145: 11.9 | AN145: 1.5 | AO145: 0.5 | AP145: 9.7 | AQ145: 19.2 | AR145: 0.9 | AS145: 0.9 | AT145: 1.8 | AU145: 0.07 | AV145: -1.2 | AW145: -0.9 | AX145: -2.1 | AY145: 0 | AZ145: =0.5*AX145 + 0.5*AT145 -> -0.15 | BA145: =IF(B145>0, AZ145*1000000/B145, 0) -> -0.01765401
A146: Evan Mobley | B146: 8478720 | C146: PF | D146: 21 | E146: CLE | F146: 79 | G146: 79 | H146: 34.4 | I146: 6.6 | J146: 12 | K146: 0.554 | L146: 0.3 | M146: 1.3 | N146: 0.216 | O146: 6.4 | P146: 10.7 | Q146: 0.595 | R146: 0.566 | S146: 2.6 | T146: 3.8 | U146: 0.674 | V146: 2.4 | W146: 6.6 | X146: 9 | Y146: 2.8 | Z146: 0.8 | AA146: 1.5 | AB146: 1.8 | AC146: 2.8 | AD146: 16.2 | AE146: 2715 | AF146: 17.9 | AG146: 0.591 | AH146: 0.108 | AI146: 0.321 | AJ146: 8.1 | AK146: 22.7 | AL146: 15.4 | AM146: 12.4 | AN146: 1.1 | AO146: 4 | AP146: 11.9 | AQ146: 20.2 | AR146: 3.7 | AS146: 4.8 | AT146: 8.5 | AU146: 0.151 | AV146: 0 | AW146: 1.6 | AX146: 1.7 | AY146: 2.5 | AZ146: =0.5*AX146 + 0.5*AT146 -> 5.1 | BA146: =IF(B146>0, AZ146*1000000/B146, 0) -> 0.60150589
A147: Gary Payton II | B147: 8300000 | C147: SG | D147: 30 | E147: POR | F147: 22 | G147: 1 | H147: 16.7 | I147: 1.9 | J147: 3.1 | K147: 0.594 | L147: 0.6 | M147: 1.2 | N147: 0.5 | O147: 1.3 | P147: 2 | Q147: 0.651 | R147: 0.688 | S147: 0.3 | T147: 0.3 | U147: 0.857 | V147: 1.1 | W147: 2 | X147: 3.1 | Y147: 1.4 | Z147: 1 | AA147: 0.2 | AB147: 0.7 | AC147: 2 | AD147: 4.6 | AE147: 367 | AF147: 13.3 | AG147: 0.701 | AH147: 0.377 | AI147: 0.101 | AJ147: 7.4 | AK147: 13.9 | AL147: 10.6 | AM147: 11 | AN147: 2.9 | AO147: 1.2 | AP147: 18.2 | AQ147: 10.3 | AR147: 0.6 | AS147: 0.4 | AT147: 1 | AU147: 0.125 | AV147: -1.2 | AW147: 1.5 | AX147: 0.3 | AY147: 0.2 | AZ147: =0.5*AX147 + 0.5*AT147 -> 0.65 | BA147: =IF(B147>0, AZ147*1000000/B147, 0) -> 0.078313253
... A222: Justise Winslow | B222: 4097561 | C222: PF | D222: 26 | E222: POR | F222: 29 | G222: 11 | H222: 26.8 | I222: 2.8 | J222: 6.8 | K222: 0.409 | L222: 0.5 | M222: 1.6 | N222: 0.311 | O222: 2.3 | P222: 5.3 | Q222: 0.438 | R222: 0.444 | S222: 0.7 | T222: 1 | U222: 0.714 | V222: 1.7 | W222: 3.3 | X222: 5 | Y222: 3.4 | Z222: 1 | AA222: 0.4 | AB222: 1.5 | AC222: 3.1 | AD222: 6.8 | AE222: 776 | AF222: 9.3 | AG222: 0.466 | AH222: 0.227 | AI222: 0.141 | AJ222: 7.2 | AK222: 14.3 | AL222: 10.7 | AM222: 17.2 | AN222: 1.9 | AO222: 1.3 | AP222: 17 | AQ222: 14.2 | AR222: -0.1 | AS222: 0.5 | AT222: 0.4 | AU222: 0.022 | AV222: -3.4 | AW222: 0.6 | AX222: -2.8 | AY222: -0.2 | AZ222: =0.5*AX222 + 0.5*AT222 -> -1.2 | BA222: =IF(B222>0, AZ222*1000000/B222, 0) -> -0.29285714
A223: Dylan Windler | B223: 4037277 | C223: SF | D223: 26 | E223: CLE | F223: 3 | G223: 0 | H223: 3.3 | I223: 0.7 | J223: 1 | K223: 0.667 | L223: 0.3 | M223: 0.7 | N223: 0.5 | O223: 0.3 | P223: 0.3 | Q223: 1 | R223: 0.833 | S223: 0 | T223: 0 | V223: 0 | W223: 0 | X223: 0 | Y223: 0.3 | Z223: 0.3 | AA223: 0 | AB223: 0.3 | AC223: 0 | AD223: 1.7 | AE223: 10 | AF223: 19 | AG223: 0.833 | AH223: 0.667 | AI223: 0 | AJ223: 0 | AK223: 0 | AL223: 0 | AM223: 15.2 | AN223: 5 | AO223: 0 | AP223: 25 | AQ223: 17.9 | AR223: 0 | AS223: 0 | AT223: 0 | AU223: 0.149 | AV223: 3.2 | AW223: 3.5 | AX223: 6.7 | AY223: 0 | AZ223: =0.5*AX223 + 0.5*AT223 -> 3.35 | BA223: =IF(B223>0, AZ223*1000000/B223, 0) -> 0.82976719
A224: Stanley Johnson | B224: 4022164 | C224: SF | D224: 26 | E224: SAS | F224: 30 | G224: 0 | H224: 15.6 | I224: 2.2 | J224: 4.1 | K224: 0.533 | L224: 0.6 | M224: 1.3 | N224: 0.45 | O224: 1.6 | P224: 2.7 | Q224: 0.573 | R224: 0.607 | S224: 0.9 | T224: 1.3 | U224: 0.667 | V224: 0.7 | W224: 2.4 | X224: 3.2 | Y224: 2.2 | Z224: 0.5 | AA224: 0.2 | AB224: 1.1 | AC224: 1.6 | AD224: 5.8 | AE224: 469 | AF224: 13.5 | AG224: 0.625 | AH224: 0.328 | AI224: 0.32 | AJ224: 4.9 | AK224: 17.7 | AL224: 11.1 | AM224: 19 | AN224: 1.6 | AO224: 1.1 | AP224: 19.2 | AQ224: 15.2 | AR224: 0.5 | AS224: 0.3 | AT224: 0.7 | AU224: 0.076 | AV224: -0.8 | AW224: -0.2 | AX224: -1 | AY224: 0.1 | AZ224: =0.5*AX224 + 0.5*AT224 -> -0.15 | BA224: =IF(B224>0, AZ224*1000000/B224, 0) -> -0.037293358
A225: George Hill | B225: 4000000 | C225: SG | D225: 36 | E225: IND | F225: 46 | G225: 1 | H225: 18.1 | I225: 1.7 | J225: 3.6 | K225: 0.47 | L225: 0.7 | M225: 2.1 | N225: 0.358 | O225: 1 | P225: 1.5 | Q225: 0.62 | R225: 0.572 | S225: 0.9 | T225: 1.2 | U225: 0.764 | V225: 0.3 | W225: 1.5 | X225: 1.8 | Y225: 2.4 | Z225: 0.6 | AA225: 0.1 | AB225: 0.7 | AC225: 1.2 | AD225: 5 | AE225: 834 | AF225: 10.6 | AG225: 0.61 | AH225: 0.572 | AI225: 0.331 | AJ225: 2 | AK225: 8.6 | AL225: 5.4 | AM225: 16.7 | AN225: 1.5 | AO225: 0.6 | AP225: 15.2 | AQ225: 11.3 | AR225: 1.1 | AS225: 0.8 | AT225: 1.9 | AU225: 0.107 | AV225: -2.4 | AW225: 0.9 | AX225: -1.5 | AY225: 0.1 | AZ225: =0.5*AX225 + 0.5*AT225 -> 0.2 | BA225: =IF(B225>0, AZ225*1000000/B225, 0) -> 0.05
A226: Terence Davis | B226: 4000000 | C226: SG | D226: 25 | E226: SAC | F226: 64 | G226: 5 | H226: 13.1 | I226: 2.4 | J226: 5.7 | K226: 0.423 | L226: 1.4 | M226: 3.8 | N226: 0.366 | O226: 1 | P226: 1.9 | Q226: 0.537 | R226: 0.545 | S226: 0.5 | T226: 0.7 | U226: 0.791 | V226: 0.3 | W226: 1.9 | X226: 2.2 | Y226: 1 | Z226: 0.7 | AA226: 0.2 | AB226: 0.8 | AC226: 1.6 | AD226: 6.7 | AE226: 841 | AF226: 12.9 | AG226: 0.563 | AH226: 0.668 | AI226: 0.118 | AJ226: 2.7 | AK226: 16.1 | AL226: 9.4 | AM226: 11.1 | AN226: 2.4 | AO226: 1.2 | AP226: 12.2 | AQ226: 22.2 | AR226: 0 | AS226: 0.9 | AT226: 0.9 | AU226: 0.054 | AV226: -1.3 | AW226: -0.3 | AX226: -1.5 | AY226: 0.1 | AZ226: =0.5*AX226 + 0.5*AT226 -> -0.3 | BA226: =IF(B226>0, AZ226*1000000/B226, 0) -> -0.075
A227: Chris Duarte | B227: 3936960 | C227: SF | D227: 25 | E227: IND | F227: 46 | G227: 12 | H227: 19.5 | I227: 2.7 | J227: 7.2 | K227: 0.369 | L227: 1.2 | M227: 3.8 | N227: 0.316 | O227: 1.5 | P227: 3.5 | Q227: 0.428 | R227: 0.452 | S227: 1.3 | T227: 1.6 | U227: 0.847 | V227: 0.4 | W227: 2.1 | X227: 2.5 | Y227: 1.4 | Z227: 0.5 | AA227: 0.2 | AB227: 0.9 | AC227: 1.4 | AD227: 7.9 | AE227: 897 | AF227: 8.6 | AG227: 0.496 | AH227: 0.523 | AI227: 0.216 | AJ227: 2.4 | AK227: 11.9 | AL227: 7.1 | AM227: 9.7 | AN227: 1.3 | AO227: 0.9 | AP227: 10.1 | AQ227: 19 | AR227: -0.5 | AS227: 0.4 | AT227: 0 | AU227: -0.003 | AV227: -2.9 | AW227: -1.6 | AX227: -4.5 | AY227: -0.6 | AZ227: =0.5*AX227 + 0.5*AT227 -> -2.25 | BA227: =IF(B227>0, AZ227*1000000/B227, 0) -> -0.57150695
A228: Alex Len | B228: 3918600 | C228: C | D228: 29 | E228: SAC | F228: 26 | G228: 2 | H228: 6.2 | I228: 0.6 | J228: 1.2 | K228: 0.533 | L228: 0 | M228: 0.1 | N228: 0 | O228: 0.6 | P228: 1.1 | Q228: 0.571 | R228: 0.533 | S228: 0.4 | T228: 0.6 | U228: 0.688 | V228: 0.9 | W228: 1.4 | X228: 2.3 | Y228: 0.5 | Z228: 0.2 | AA228: 0.4 | AB228: 0.6 | AC228: 1.1 | AD228: 1.7 | AE228: 161 | AF228: 12.8 | AG228: 0.58 | AH228: 0.067 | AI228: 0.533 | AJ228: 17.2 | AK228: 25.4 | AL228: 21.3 | AM228: 9.3 | AN228: 1.2 | AO228: 6 | AP228: 30.2 | AQ228: 14.1 | AR228: 0.1 | AS228: 0.2 | AT228: 0.3 | AU228: 0.085 | AV228: -4.9 | AW228: 0.9 | AX228: -4 | AY228: -0.1 | AZ228: =0.5*AX228 + 0.5*AT228 -> -1.85 | BA228: =IF(B228>0, AZ228*1000000/B228, 0) -> -0.47210739
A229: Ochai Agbaji | B229: 3918360 | C229: SG | D229: 22 | E229: UTA | F229: 59 | G229: 22 | H229: 20.5 | I229: 2.8 | J229: 6.5 | K229: 0.427 | L229: 1.4 | M229: 3.9 | N229: 0.355 | O229: 1.4 | P229: 2.7 | Q229: 0.532 | R229: 0.532 | S229: 0.9 | T229: 1.2 | U229: 0.812 | V229: 0.7 | W229: 1.3 | X229: 2.1 | Y229: 1.1 | Z229: 0.3 | AA229: 0.3 | AB229: 0.7 | AC229: 1.7 | AD229: 7.9 | AE229: 1209 | AF229: 9.5 | AG229: 0.561 | AH229: 0.591 | AI229: 0.179 | AJ229: 3.9 | AK229: 6.9 | AL229: 5.4 | AM229: 7.5 | AN229: 0.6 | AO229: 1 | AP229: 9 | AQ229: 15.8 | AR229: 0.9 | AS229: 0.4 | AT229: 1.3 | AU229: 0.053 | AV229: -1.7 | AW229: -1.4 | AX229: -3 | AY229: -0.3 | AZ229: =0.5*AX229 + 0.5*AT229 -> -0.85 | BA229: =IF(B229>0, AZ229*1000000/B229, 0) -> -0.21692749
A230: Jordan Poole | B230: 3901399 | C230: PG | D230: 23 | E230: GSW | F230: 82 | G230: 43 | H230: 30 | I230: 6.7 | J230: 15.6 | K230: 0.43 | L230: 2.6 | M230: 7.8 | N230: 0.336 | O230: 4.1 | P230: 7.8 | Q230: 0.524 | R230: 0.514 | S230: 4.4 | T230: 5.1 | U230: 0.87 | V230: 0.4 | W230: 2.4 | X230: 2.7 | Y230: 4.5 | Z230: 0.8 | AA230: 0.3 | AB230: 3.1 | AC230: 2.6 | AD230: 20.4 | AE230: 2458 | AF230: 14.6 | AG230: 0.573 | AH230: 0.498 | AI230: 0.325 | AJ230: 1.5 | AK230: 8.5 | AL230: 5 | AM230: 22.5 | AN230: 1.2 | AO230: 0.8 | AP230: 14.7 | AQ230: 29.2 | AR230: 1.4 | AS230: 1.9 | AT230: 3.2 | AU230: 0.063 | AV230: -0.1 | AW230: -1.8 | AX230: -1.9 | AY230: 0.1 | AZ230: =0.5*AX230 + 0.5*AT230 -> 0.65 | BA230: =IF(B230>0, AZ230*1000000/B230, 0) -> 0.1666069
A231: Keldon Johnson | B231: 3873024 | C231: SF | D231: 23 | E231: SAS | F231: 63 | G231: 63 | H231: 32.7 | I231: 8 | J231: 17.7 | K231: 0.452 | L231: 2.1 | M231: 6.5 | N231: 0.329 | O231: 5.9 | P231: 11.2 | Q231: 0.523 | R231: 0.512 | S231: 3.9 | T231: 5.2 | U231: 0.749 | V231: 0.9 | W231: 4.2 | X231: 5 | Y231: 2.9 | Z231: 0.7 | AA231: 0.2 | AB231: 2.1 | AC231: 2 | AD231: 22 | AE231: 2063 | AF231: 15.3 | AG231: 0.551 | AH231: 0.366 | AI231: 0.294 | AJ231: 2.9 | AK231: 14.4 | AL231: 8.4 | AM231: 13.7 | AN231: 1.1 | AO231: 0.4 | AP231: 9.6 | AQ231: 27.9 | AR231: 0.7 | AS231: 0.5 | AT231: 1.3 | AU231: 0.03 | AV231: 0.7 | AW231: -2.5 | AX231: -1.8 | AY231: 0.1 | AZ231: =0.5*AX231 + 0.5*AT231 -> -0.25 | BA231: =IF(B231>0, AZ231*1000000/B231, 0) -> -0.064549045
A232: James Johnson | B232: 3841067 | C232: PF | D232: 35 | E232: IND | F232: 18 | G232: 1 | H232: 9 | I232: 1.2 | J232: 2.7 | K232: 0.449 | L232: 0.2 | M232: 0.8 | N232: 0.2 | O232: 1.1 | P232: 1.9 | Q232: 0.559 | R232: 0.48 | S232: 0.2 | T232: 0.4 | U232: 0.5 | V232: 0.2 | W232: 1.4 | X232: 1.7 | Y232: 0.8 | Z232: 0.4 | AA232: 0.3 | AB232: 0.4 | AC232: 1.8 | AD232: 2.8 | AE232: 162 | AF232: 8.4 | AG232: 0.486 | AH232: 0.306 | AI232: 0.163 | AJ232: 2.7 | AK232: 17.8 | AL232: 10.3 | AM232: 12.6 | AN232: 2.1 | AO232: 3.2 | AP232: 13.2 | AQ232: 15.7 | AR232: -0.1 | AS232: 0.2 | AT232: 0.1 | AU232: 0.017 | AV232: -5.7 | AW232: 1.2 | AX232: -4.4 | AY232: -0.1 | AZ232: =0.5*AX232 + 0.5*AT232 -> -2.15 | BA232: =IF(B232>0, AZ232*1000000/B232, 0) -> -0.5597403
A233: Aaron Nesmith | B233: 3804360 | C233: SF | D233: 23 | E233: IND | F233: 73 | G233: 60 | H233: 24.9 | I233: 3.5 | J233: 8.1 | K233: 0.427 | L233: 1.6 | M233: 4.3 | N233: 0.366 | O233: 1.9 | P233: 3.8 | Q233: 0.496 | R233: 0.525 | S233: 1.6 | T233: 1.9 | U233: 0.838 | V233: 0.8 | W233: 2.9 | X233: 3.8 | Y233: 1.3 | Z233: 0.8 | AA233: 0.5 | AB233: 1 | AC233: 3.2 | AD233: 10.1 | AE233: 1816 | AF233: 10.5 | AG233: 0.566 | AH233: 0.532 | AI233: 0.241 | AJ233: 3.8 | AK233: 13.1 | AL233: 8.5 | AM233: 7.4 | AN233: 1.4 | AO233: 1.6 | AP233: 10.3 | AQ233: 16.8 | AR233: 0.9 | AS233: 1.1 | AT233: 2 | AU233: 0.052 | AV233: -2.3 | AW233: -0.7 | AX233: -3 | AY233: -0.4 | AZ233: =0.5*AX233 + 0.5*AT233 -> -0.5 | BA233: =IF(B233>0, AZ233*1000000/B233, 0) -> -0.13142815
A234: Moses Moody | B234: 3740160 | C234: SG | D234: 20 | E234: GSW | F234: 63 | G234: 3 | H234: 13 | I234: 1.7 | J234: 3.6 | K234: 0.476 | L234: 0.8 | M234: 2.1 | N234: 0.363 | O234: 0.9 | P234: 1.5 | Q234: 0.641 | R234: 0.584 | S234: 0.6 | T234: 0.8 | U234: 0.698 | V234: 0.4 | W234: 1.2 | X234: 1.7 | Y234: 0.8 | Z234: 0.3 | AA234: 0.1 | AB234: 0.5 | AC234: 0.9 | AD234: 4.8 | AE234: 817 | AF234: 10.3 | AG234: 0.603 | AH234: 0.595 | AI234: 0.233 | AJ234: 3.8 | AK234: 10.2 | AL234: 7.1 | AM234: 8.2 | AN234: 1 | AO234: 0.8 | AP234: 12 | AQ234: 14.6 | AR234: 0.7 | AS234: 0.6 | AT234: 1.3 | AU234: 0.076 | AV234: -1.7 | AW234: -0.9 | AX234: -2.6 | AY234: -0.1 | AZ234: =0.5*AX234 + 0.5*AT234 -> -0.65 | BA234: =IF(B234>0, AZ234*1000000/B234, 0) -> -0.17378936
A235: Mark Williams | B235: 3722040 | C235: C | D235: 21 | E235: CHA | F235: 43 | G235: 17 | H235: 19.3 | I235: 3.7 | J235: 5.8 | K235: 0.637 | L235: 0 | M235: 0 | O235: 3.7 | P235: 5.8 | Q235: 0.637 | R235: 0.637 | S235: 1.6 | T235: 2.3 | U235: 0.691 | V235: 2.2 | W235: 4.9 | X235: 7.1 | Y235: 0.4 | Z235: 0.7 | AA235: 1 | AB235: 0.9 | AC235: 2.2 | AD235: 9 | AE235: 828 | AF235: 19.8 | AG235: 0.659 | AH235: 0 | AI235: 0.386 | AJ235: 11.7 | AK235: 27.7 | AL235: 19.6 | AM235: 3.3 | AN235: 1.6 | AO235: 4.7 | AP235: 12 | AQ235: 17 | AR235: 1.5 | AS235: 1.3 | AT235: 2.8 | AU235: 0.163 | AV235: -0.5 | AW235: 0.6 | AX235: 0.1 | AY235: 0.4 | AZ235: =0.5*AX235 + 0.5*AT235 -> 1.45 | BA235: =IF(B235>0, AZ235*1000000/B235, 0) -> 0.38957131
A236: Cole Anthony | B236: 3613680 | C236: PG | D236: 22 | E236: ORL | F236: 60 | G236: 4 | H236: 25.9 | I236: 4.6 | J236: 10.2 | K236: 0.454 | L236: 1.3 | M236: 3.4 | N236: 0.364 | O236: 3.4 | P236: 6.7 | Q236: 0.5 | R236: 0.516 | S236: 2.5 | T236: 2.8 | U236: 0.894 | V236: 0.8 | W236: 4 | X236: 4.8 | Y236: 3.9 | Z236: 0.6 | AA236: 0.5 | AB236: 1.5 | AC236: 2.6 | AD236: 13 | AE236: 1552 | AF236: 16 | AG236: 0.57 | AH236: 0.338 | AI236: 0.279 | AJ236: 3.4 | AK236: 17.6 | AL236: 10.5 | AM236: 22.9 | AN236: 1.2 | AO236: 1.9 | AP236: 11.7 | AQ236: 21.5 | AR236: 2.1 | AS236: 1.7 | AT236: 3.7 | AU236: 0.116 | AV236: 0.7 | AW236: 0.5 | AX236: 1.3 | AY236: 1.3 | AZ236: =0.5*AX236 + 0.5*AT236 -> 2.5 | BA236: =IF(B236>0, AZ236*1000000/B236, 0) -> 0.69181555
A237: Corey Kispert | B237: 3552840 | C237: SF | D237: 23 | E237: WAS | F237: 74 | G237: 45 | H237: 28.3 | I237: 3.9 | J237: 7.9 | K237: 0.497 | L237: 2.2 | M237: 5.2 | N237: 0.424 | O237: 1.7 | P237: 2.7 | Q237: 0.637 | R237: 0.637 | S237: 1 | T237: 1.2 | U237: 0.852 | V237: 0.4 | W237: 2.4 | X237: 2.8 | Y237: 1.2 | Z237: 0.4 | AA237: 0.1 | AB237: 0.7 | AC237: 1.3 | AD237: 11.1 | AE237: 2093 | AF237: 11.5 | AG237: 0.657 | AH237: 0.656 | AI237: 0.15 | AJ237: 1.8 | AK237: 8.9 | AL237: 5.5 | AM237: 5.7 | AN237: 0.7 | AO237: 0.4 | AP237: 8.1 | AQ237: 14.1 | AR237: 2.9 | AS237: 0.9 | AT237: 3.8 | AU237: 0.088 | AV237: -0.1 | AW237: -1.4 | AX237: -1.5 | AY237: 0.2 | AZ237: =0.5*AX237 + 0.5*AT237 -> 1.15 | BA237: =IF(B237>0, AZ237*1000000/B237, 0) -> 0.32368471
A238: AJ Griffin | B238: 3536160 | C238: SF | D238: 19 | E238: ATL | F238: 72 | G238: 12 | H238: 19.5 | I238: 3.4 | J238: 7.4 | K238: 0.465 | L238: 1.4 | M238: 3.6 | N238: 0.39 | O238: 2 | P238: 3.8 | Q238: 0.536 | R238: 0.56 | S238: 0.6 | T238: 0.7 | U238: 0.894 | V238: 0.5 | W238: 1.6 | X238: 2.1 | Y238: 1 | Z238: 0.6 | AA238: 0.2 | AB238: 0.6 | AC238: 1.2 | AD238: 8.9 | AE238: 1401 | AF238: 12.6 | AG238: 0.577 | AH238: 0.486 | AI238: 0.088 | AJ238: 2.9 | AK238: 9.2 | AL238: 6 | AM238: 7 | AN238: 1.4 | AO238: 0.7 | AP238: 7.1 | AQ238: 17.9 | AR238: 1.3 | AS238: 0.9 | AT238: 2.2 | AU238: 0.075 | AV238: -0.3 | AW238: -0.5 | AX238: -0.8 | AY238: 0.4 | AZ238: =0.5*AX238 + 0.5*AT238 -> 0.7 | BA238: =IF(B238>0, AZ238*1000000/B238, 0) -> 0.19795484
A239: Mike Muscala | B239: 3500000 | C239: C | D239: 31 | E239: OKC | F239: 63 | G239: 9 | H239: 15 | I239: 2.1 | J239: 4.6 | K239: 0.449 | L239: 1.3 | M239: 3.3 | N239: 0.391 | O239: 0.8 | P239: 1.3 | Q239: 0.588 | R239: 0.587 | S239: 0.6 | T239: 0.8 | U239: 0.769 | V239: 0.6 | W239: 2.6 | X239: 3.2 | Y239: 0.8 | Z239: 0.2 | AA239: 0.4 | AB239: 0.4 | AC239: 1.6 | AD239: 6.1 | AE239: 945 | AF239: 13 | AG239: 0.608 | AH239: 0.709 | AI239: 0.178 | AJ239: 4.2 | AK239: 19.1 | AL239: 11.6 | AM239: 7.1 | AN239: 0.8 | AO239: 2.3 | AP239: 6.8 | AQ239: 15.1 | AR239: 1.4 | AS239: 1.1 | AT239: 2.5 | AU239: 0.128 | AV239: -0.3 | AW239: -0.1 | AX239: -0.4 | AY239: 0.4 | AZ239: =0.5*AX239 + 0.5*AT239 -> 1.05 | BA239: =IF(B239>0, AZ239*1000000/B239, 0) -> 0.3
A240: Georges Niang | B240: 3465000 | C240: PF | D240: 29 | E240: PHI | F240: 78 | G240: 1 | H240: 19.4 | I240: 2.8 | J240: 6.4 | K240: 0.442 | L240: 2 | M240: 4.9 | N240: 0.401 | O240: 0.9 | P240: 1.5 | Q240: 0.576 | R240: 0.596 | S240: 0.5 | T240: 0.6 | U240: 0.867 | V240: 0.2 | W240: 2.1 | X240: 2.4 | Y240: 1 | Z240: 0.4 | AA240: 0.2 | AB240: 0.7 | AC240: 1.9 | AD240: 8.2 | AE240: 1512 | AF240: 10.9 | AG240: 0.61 | AH240: 0.765 | AI240: 0.09 | AJ240: 1.5 | AK240: 12.8 | AL240: 7.2 | AM240: 7.3 | AN240: 1 | AO240: 0.9 | AP240: 9.4 | AQ240: 17 | AR240: 1.1 | AS240: 1.4 | AT240: 2.5 | AU240: 0.078 | AV240: -0.4 | AW240: -1 | AX240: -1.4 | AY240: 0.2 | AZ240: =0.5*AX240 + 0.5*AT240 -> 0.55 | BA240: =IF(B240>0, AZ240*1000000/B240, 0) -> 0.15873016
A241: Isaiah Stewart | B241: 3433320 | C241: C | D241: 21 | E241: DET | F241: 50 | G241: 47 | H241: 28.3 | I241: 3.9 | J241: 8.8 | K241: 0.442 | L241: 1.3 | M241: 4.1 | N241: 0.327 | O241: 2.6 | P241: 4.7 | Q241: 0.542 | R241: 0.518 | S241: 2.2 | T241: 3 | U241: 0.738 | V241: 2.3 | W241: 5.8 | X241: 8.1 | Y241: 1.4 | Z241: 0.4 | AA241: 0.7 | AB241: 1.4 | AC241: 2.7 | AD241: 11.3 | AE241: 1414 | AF241: 13.1 | AG241: 0.56 | AH241: 0.465 | AI241: 0.338 | AJ241: 8.7 | AK241: 23.3 | AL241: 15.8 | AM241: 7.3 | AN241: 0.7 | AO241: 2.1 | AP241: 11.8 | AQ241: 17.3 | AR241: 1.1 | AS241: 0.9 | AT241: 2 | AU241: 0.068 | AV241: -1 | AW241: -1.1 | AX241: -2.1 | AY241: 0 | AZ241: =0.5*AX241 + 0.5*AT241 -> -0.05 | BA241: =IF(B241>0, AZ241*1000000/B241, 0) -> -0.014563163
A242: Chuma Okeke | B242: 3433320 | C242: SF | D242: 24 | E242: ORL | F242: 27 | G242: 8 | H242: 19.2 | I242: 1.6 | J242: 4.5 | K242: 0.352 | L242: 1 | M242: 3.2 | N242: 0.302 | O242: 0.6 | P242: 1.3 | Q242: 0.472 | R242: 0.459 | S242: 0.6 | T242: 0.8 | U242: 0.762 | V242: 1 | W242: 2.6 | X242: 3.6 | Y242: 1.4 | Z242: 0.7 | AA242: 0.4 | AB242: 0.6 | AC242: 1.5 | AD242: 4.7 | AE242: 518 | AF242: 9.1 | AG242: 0.488 | AH242: 0.705 | AI242: 0.172 | AJ242: 5.7 | AK242: 15.3 | AL242: 10.5 | AM242: 9.4 | AN242: 1.8 | AO242: 2.1 | AP242: 11.5 | AQ242: 12.3 | AR242: 0 | AS242: 0.6 | AT242: 0.7 | AU242: 0.061 | AV242: -2.4 | AW242: 0.8 | AX242: -1.6 | AY242: 0.1 | AZ242: =0.5*AX242 + 0.5*AT242 -> -0.45 | BA242: =IF(B242>0, AZ242*1000000/B242, 0) -> -0.13106847
A243: Amir Coffey | B243: 3395062 | C243: SF | D243: 25 | E243: LAC | F243: 50 | G243: 9 | H243: 12.5 | I243: 1.1 | J243: 2.9 | K243: 0.386 | L243: 0.2 | M243: 0.8 | N243: 0.275 | O243: 0.9 | P243: 2.1 | Q243: 0.429 | R243: 0.424 | S243: 1 | T243: 1.3 | U243: 0.778 | V243: 0.3 | W243: 0.7 | X243: 1.1 | Y243: 1.1 | Z243: 0.1 | AA243: 0.1 | AB243: 0.4 | AC243: 1 | AD243: 3.4 | AE243: 625 | AF243: 7 | AG243: 0.498 | AH243: 0.276 | AI243: 0.434 | AJ243: 3.1 | AK243: 6.4 | AL243: 4.7 | AM243: 11.2 | AN243: 0.5 | AO243: 0.7 | AP243: 10.8 | AQ243: 13.5 | AR243: 0.1 | AS243: 0.3 | AT243: 0.4 | AU243: 0.033 | AV243: -4.3 | AW243: -0.7 | AX243: -5 | AY243: -0.5 | AZ243: =0.5*AX243 + 0.5*AT243 -> -2.3 | BA243: =IF(B243>0, AZ243*1000000/B243, 0) -> -0.67745449
A244: Tari Eason | B244: 3359160 | C244: PF | D244: 21 | E244: HOU | F244: 82 | G244: 5 | H244: 21.5 | I244: 3.6 | J244: 8 | K244: 0.448 | L244: 0.7 | M244: 2.1 | N244: 0.343 | O244: 2.9 | P244: 6 | Q244: 0.486 | R244: 0.493 | S244: 1.3 | T244: 1.8 | U244: 0.752 | V244: 2.4 | W244: 3.7 | X244: 6 | Y244: 1.1 | Z244: 1.2 | AA244: 0.6 | AB244: 1.2 | AC244: 2.3 | AD244: 9.3 | AE244: 1767 | AF244: 15.2 | AG244: 0.525 | AH244: 0.261 | AI244: 0.22 | AJ244: 12 | AK244: 18.9 | AL244: 15.4 | AM244: 7.4 | AN244: 2.6 | AO244: 2.6 | AP244: 12.2 | AQ244: 19.3 | AR244: 0.9 | AS244: 1.7 | AT244: 2.6 | AU244: 0.07 | AV244: -1.3 | AW244: -0.4 | AX244: -1.7 | AY244: 0.1 | AZ244: =0.5*AX244 + 0.5*AT244 -> 0.45 | BA244: =IF(B244>0, AZ244*1000000/B244, 0) -> 0.13396206
A245: Aleksej Pokusevski | B245: 3261480 | C245: PF | D245: 21 | E245: OKC | F245: 34 | G245: 25 | H245: 20.6 | I245: 3.2 | J245: 7.3 | K245: 0.434 | L245: 1.1 | M245: 3.1 | N245: 0.365 | O245: 2.1 | P245: 4.3 | Q245: 0.483 | R245: 0.51 | S245: 0.6 | T245: 1 | U245: 0.629 | V245: 1.3 | W245: 3.4 | X245: 4.7 | Y245: 1.9 | Z245: 0.6 | AA245: 1.3 | AB245: 1.3 | AC245: 1.7 | AD245: 8.1 | AE245: 701 | AF245: 13.4 | AG245: 0.522 | AH245: 0.418 | AI245: 0.141 | AJ245: 6.8 | AK245: 17.8 | AL245: 12.2 | AM245: 12.4 | AN245: 1.4 | AO245: 5.7 | AP245: 14 | AQ245: 18.3 | AR245: 0 | AS245: 1 | AT245: 1 | AU245: 0.066 | AV245: -1 | AW245: 1 | AX245: 0 | AY245: 0.3 | AZ245: =0.5*AX245 + 0.5*AT245 -> 0.5 | BA245: =IF(B245>0, AZ245*1000000/B245, 0) -> 0.15330463
A246: Simone Fontecchio | B246: 3205128 | C246: SF | D246: 27 | E246: UTA | F246: 52 | G246: 6 | H246: 14.7 | I246: 2.2 | J246: 6 | K246: 0.369 | L246: 1.2 | M246: 3.7 | N246: 0.33 | O246: 1 | P246: 2.3 | Q246: 0.43 | R246: 0.47 | S246: 0.7 | T246: 0.8 | U246: 0.795 | V246: 0.6 | W246: 1.1 | X246: 1.7 | Y246: 0.8 | Z246: 0.3 | AA246: 0.2 | AB246: 0.8 | AC246: 1.2 | AD246: 6.3 | AE246: 766 | AF246: 8 | AG246: 0.495 | AH246: 0.612 | AI246: 0.141 | AJ246: 4.4 | AK246: 7.7 | AL246: 6.1 | AM246: 7.5 | AN246: 0.9 | AO246: 0.9 | AP246: 10.5 | AQ246: 20.2 | AR246: -0.4 | AS246: 0.3 | AT246: -0.1 | AU246: -0.004 | AV246: -3 | AW246: -2.1 | AX246: -5.2 | AY246: -0.6 | AZ246: =0.5*AX246 + 0.5*AT246 -> -2.65 | BA246: =IF(B246>0, AZ246*1000000/B246, 0) -> -0.82680005
A247: Andre Drummond | B247: 3200000 | C247: C | D247: 29 | E247: CHI | F247: 67 | G247: 0 | H247: 12.7 | I247: 2.5 | J247: 4.1 | K247: 0.606 | L247: 0 | M247: 0 | N247: 0 | O247: 2.5 | P247: 4 | Q247: 0.613 | R247: 0.606 | S247: 1 | T247: 1.9 | U247: 0.536 | V247: 2.1 | W247: 4.6 | X247: 6.6 | Y247: 0.5 | Z247: 0.7 | AA247: 0.4 | AB247: 1.1 | AC247: 1.7 | AD247: 6 | AE247: 849 | AF247: 20.8 | AG247: 0.606 | AH247: 0.011 | AI247: 0.456 | AJ247: 18.7 | AK247: 40.2 | AL247: 29.6 | AM247: 5.7 | AN247: 2.6 | AO247: 3.1 | AP247: 18.6 | AQ247: 21 | AR247: 0.8 | AS247: 2 | AT247: 2.8 | AU247: 0.159 | AV247: -1.2 | AW247: 0.5 | AX247: -0.8 | AY247: 0.3 | AZ247: =0.5*AX247 + 0.5*AT247 -> 1 | BA247: =IF(B247>0, AZ247*1000000/B247, 0) -> 0.3125
A248: Dalen Terry | B248: 3191400 | C248: SG | D248: 20 | E248: CHI | F248: 38 | G248: 0 | H248: 5.6 | I248: 0.8 | J248: 1.9 | K248: 0.444 | L248: 0.2 | M248: 0.7 | N248: 0.259 | O248: 0.7 | P248: 1.2 | Q248: 0.556 | R248: 0.493 | S248: 0.4 | T248: 0.6 | U248: 0.667 | V248: 0.3 | W248: 0.7 | X248: 1 | Y248: 0.6 | Z248: 0.3 | AA248: 0.1 | AB248: 0.2 | AC248: 0.6 | AD248: 2.2 | AE248: 214 | AF248: 14.1 | AG248: 0.523 | AH248: 0.375 | AI248: 0.292 | AJ248: 6.5 | AK248: 13 | AL248: 9.8 | AM248: 14.1 | AN248: 2.5 | AO248: 2.3 | AP248: 9 | AQ248: 18.4 | AR248: 0.1 | AS248: 0.3 | AT248: 0.5 | AU248: 0.105 | AV248: -1.7 | AW248: 1.7 | AX248: 0 | AY248: 0.1 | AZ248: =0.5*AX248 + 0.5*AT248 -> 0.25 | BA248: =IF(B248>0, AZ248*1000000/B248, 0) -> 0.078335527
A249: Sterling Brown | B249: 3122602 | C249: SF | D249: 27 | E249: LAL | F249: 4 | G249: 0 | H249: 6 | I249: 0 | J249: 1 | K249: 0 | L249: 0 | M249: 0.5 | N249: 0 | O249: 0 | P249: 0.5 | Q249: 0 | R249: 0 | S249: 0 | T249: 0 | V249: 0.8 | W249: 1.3 | X249: 2 | Y249: 0.5 | Z249: 0.8 | AA249: 0 | AB249: 0 | AC249: 1 | AD249: 0 | AE249: 24 | AF249: 7 | AG249: 0 | AH249: 0.5 | AI249: 0 | AJ249: 13.9 | AK249: 21.6 | AL249: 17.8 | AM249: 9.4 | AN249: 5.9 | AO249: 0 | AP249: 0 | AQ249: 7 | AR249: 0 | AS249: 0.1 | AT249: 0 | AU249: 0.04 | AV249: -7.7 | AW249: 4.3 | AX249: -3.3 | AY249: 0 | AZ249: =0.5*AX249 + 0.5*AT249 -> -1.65 | BA249: =IF(B249>0, AZ249*1000000/B249, 0) -> -0.52840548
A250: Josh Green | B250: 3098400 | C250: SG | D250: 22 | E250: DAL | F250: 60 | G250: 21 | H250: 25.7 | I250: 3.4 | J250: 6.4 | K250: 0.537 | L250: 1.1 | M250: 2.8 | N250: 0.402 | O250: 2.3 | P250: 3.6 | Q250: 0.643 | R250: 0.626 | S250: 1.1 | T250: 1.6 | U250: 0.723 | V250: 0.9 | W250: 2.1 | X250: 3 | Y250: 1.7 | Z250: 0.7 | AA250: 0.1 | AB250: 1.2 | AC250: 2.6 | AD250: 9.1 | AE250: 1539 | AF250: 11.2 | AG250: 0.645 | AH250: 0.442 | AI250: 0.246 | AJ250: 4.1 | AK250: 9.7 | AL250: 6.9 | AM250: 9.7 | AN250: 1.4 | AO250: 0.3 | AP250: 14.5 | AQ250: 14.6 | AR250: 1.7 | AS250: 0.9 | AT250: 2.6 | AU250: 0.082 | AV250: -1.9 | AW250: -0.6 | AX250: -2.4 | AY250: -0.2 | AZ250: =0.5*AX250 + 0.5*AT250 -> 0.1 | BA250: =IF(B250>0, AZ250*1000000/B250, 0) -> 0.032274722
A251: Jake LaRavia | B251: 3047640 | C251: PF | D251: 21 | E251: MEM | F251: 35 | G251: 0 | H251: 11.8 | I251: 1.1 | J251: 2.7 | K251: 0.389 | L251: 0.7 | M251: 2 | N251: 0.338 | O251: 0.4 | P251: 0.7 | Q251: 0.542 | R251: 0.516 | S251: 0.2 | T251: 0.3 | U251: 0.778 | V251: 0.5 | W251: 1.3 | X251: 1.8 | Y251: 0.6 | Z251: 0.3 | AA251: 0.1 | AB251: 0.5 | AC251: 1.4 | AD251: 3 | AE251: 414 | AF251: 6.7 | AG251: 0.531 | AH251: 0.747 | AI251: 0.095 | AJ251: 4.9 | AK251: 11.3 | AL251: 8.1 | AM251: 6.2 | AN251: 1.4 | AO251: 0.9 | AP251: 15.4 | AQ251: 11.7 | AR251: 0 | AS251: 0.5 | AT251: 0.5 | AU251: 0.054 | AV251: -3.9 | AW251: 0.4 | AX251: -3.5 | AY251: -0.2 | AZ251: =0.5*AX251 + 0.5*AT251 -> -1.5 | BA251: =IF(B251>0, AZ251*1000000/B251, 0) -> -0.49218412
A252: Tre Mann | B252: 3046200 | C252: PG | D252: 21 | E252: OKC | F252: 67 | G252: 5 | H252: 17.7 | I252: 2.9 | J252: 7.5 | K252: 0.393 | L252: 1.2 | M252: 3.8 | N252: 0.315 | O252: 1.7 | P252: 3.6 | Q252: 0.475 | R252: 0.474 | S252: 0.6 | T252: 0.8 | U252: 0.764 | V252: 0.4 | W252: 1.9 | X252: 2.3 | Y252: 1.8 | Z252: 0.6 | AA252: 0.2 | AB252: 0.9 | AC252: 1.5 | AD252: 7.7 | AE252: 1183 | AF252: 10 | AG252: 0.492 | AH252: 0.513 | AI252: 0.11 | AJ252: 2.4 | AK252: 11.8 | AL252: 7 | AM252: 14 | AN252: 1.6 | AO252: 0.9 | AP252: 10.6 | AQ252: 20.7 | AR252: -0.6 | AS252: 1.1 | AT252: 0.5 | AU252: 0.021 | AV252: -3 | AW252: -1 | AX252: -3.9 | AY252: -0.6 | AZ252: =0.5*AX252 + 0.5*AT252 -> -1.7 | BA252: =IF(B252>0, AZ252*1000000/B252, 0) -> -0.55807235
A253: Kevin Knox | B253: 3000000 | C253: PF | D253: 23 | E253: POR | F253: 63 | G253: 5 | H253: 15.1 | I253: 2.4 | J253: 5.3 | K253: 0.458 | L253: 1 | M253: 3 | N253: 0.349 | O253: 1.4 | P253: 2.3 | Q253: 0.596 | R253: 0.556 | S253: 0.7 | T253: 1 | U253: 0.767 | V253: 0.5 | W253: 2.3 | X253: 2.8 | Y253: 0.5 | Z253: 0.4 | AA253: 0.2 | AB253: 0.8 | AC253: 1.5 | AD253: 6.6 | AE253: 952 | AF253: 11.1 | AG253: 0.579 | AH253: 0.56 | AI253: 0.181 | AJ253: 3.9 | AK253: 17.3 | AL253: 10.5 | AM253: 5.2 | AN253: 1.2 | AO253: 1.1 | AP253: 12.2 | AQ253: 18.4 | AR253: 0.2 | AS253: 0.5 | AT253: 0.7 | AU253: 0.034 | AV253: -2.1 | AW253: -1.4 | AX253: -3.5 | AY253: -0.4 | AZ253: =0.5*AX253 + 0.5*AT253 -> -1.4 | BA253: =IF(B253>0, AZ253*1000000/B253, 0) -> -0.46666667
A254: Saddiq Bey | B254: 2959080 | C254: SF | D254: 23 | E254: ATL | F254: 77 | G254: 37 | H254: 27.6 | I254: 4.6 | J254: 10.9 | K254: 0.422 | L254: 2 | M254: 5.4 | N254: 0.361 | O254: 2.6 | P254: 5.4 | Q254: 0.483 | R254: 0.513 | S254: 2.7 | T254: 3.1 | U254: 0.861 | V254: 1.3 | W254: 3.4 | X254: 4.7 | Y254: 1.5 | Z254: 0.9 | AA254: 0.2 | AB254: 0.9 | AC254: 1.6 | AD254: 13.8 | AE254: 2129 | AF254: 14.6 | AG254: 0.564 | AH254: 0.5 | AI254: 0.285 | AJ254: 5 | AK254: 14 | AL254: 9.4 | AM254: 8.1 | AN254: 1.6 | AO254: 0.5 | AP254: 7 | AQ254: 20.2 | AR254: 2.6 | AS254: 1.2 | AT254: 3.9 | AU254: 0.087 | AV254: 0.9 | AW254: -1.2 | AX254: -0.3 | AY254: 0.9 | AZ254: =0.5*AX254 + 0.5*AT254 -> 1.8 | BA254: =IF(B254>0, AZ254*1000000/B254, 0) -> 0.60829717
A255: Malaki Branham | B255: 2925600 | C255: SG | D255: 19 | E255: SAS | F255: 66 | G255: 32 | H255: 23.5 | I255: 4.1 | J255: 9.3 | K255: 0.44 | L255: 1.2 | M255: 3.9 | N255: 0.302 | O255: 2.9 | P255: 5.4 | Q255: 0.539 | R255: 0.503 | S255: 0.9 | T255: 1.1 | U255: 0.829 | V255: 0.4 | W255: 2.3 | X255: 2.7 | Y255: 1.9 | Z255: 0.5 | AA255: 0.1 | AB255: 1.2 | AC255: 1.7 | AD255: 10.2 | AE255: 1550 | AF255: 9.5 | AG255: 0.524 | AH255: 0.417 | AI255: 0.115 | AJ255: 1.9 | AK255: 11.2 | AL255: 6.4 | AM255: 11.4 | AN255: 1 | AO255: 0.4 | AP255: 10.6 | AQ255: 19.1 | AR255: -0.4 | AS255: 0.2 | AT255: -0.1 | AU255: -0.004 | AV255: -3 | AW255: -2.1 | AX255: -5.2 | AY255: -1.3 | AZ255: =0.5*AX255 + 0.5*AT255 -> -2.65 | BA255: =IF(B255>0, AZ255*1000000/B255, 0) -> -0.9057971
A256: Joe Wieskamp | B256: 2909261 | C256: SF | D256: 23 | E256: TOR | F256: 9 | G256: 0 | H256: 5.6 | I256: 0.3 | J256: 1.6 | K256: 0.214 | L256: 0.3 | M256: 1.3 | N256: 0.25 | O256: 0 | P256: 0.2 | Q256: 0 | R256: 0.321 | S256: 0 | T256: 0 | V256: 0 | W256: 0.4 | X256: 0.4 | Y256: 0.3 | Z256: 0 | AA256: 0 | AB256: 0.1 | AC256: 0.3 | AD256: 1 | AE256: 50 | AF256: -0.4 | AG256: 0.321 | AH256: 0.857 | AI256: 0 | AJ256: 0 | AK256: 9.8 | AL256: 4.5 | AM256: 7.4 | AN256: 0 | AO256: 0 | AP256: 6.7 | AQ256: 12.8 | AR256: -0.1 | AS256: 0 | AT256: -0.1 | AU256: -0.076 | AV256: -7 | AW256: -3.6 | AX256: -10.6 | AY256: -0.1 | AZ256: =0.5*AX256 + 0.5*AT256 -> -5.35 | BA256: =IF(B256>0, AZ256*1000000/B256, 0) -> -1.838955
A257: Kai Jones | B257: 2909040 | C257: C | D257: 22 | E257: CHA | F257: 46 | G257: 0 | H257: 12 | I257: 1.5 | J257: 2.6 | K257: 0.558 | L257: 0.1 | M257: 0.4 | N257: 0.211 | O257: 1.4 | P257: 2.2 | Q257: 0.624 | R257: 0.575 | S257: 0.4 | T257: 0.6 | U257: 0.731 | V257: 0.8 | W257: 1.9 | X257: 2.7 | Y257: 0.3 | Z257: 0.4 | AA257: 0.7 | AB257: 0.7 | AC257: 1.4 | AD257: 3.4 | AE257: 550 | AF257: 10.8 | AG257: 0.597 | AH257: 0.158 | AI257: 0.217 | AJ257: 7 | AK257: 17 | AL257: 11.9 | AM257: 3.7 | AN257: 1.5 | AO257: 4.7 | AP257: 19.1 | AQ257: 12.4 | AR257: 0 | AS257: 0.7 | AT257: 0.7 | AU257: 0.062 | AV257: -4.8 | AW257: 0.8 | AX257: -4 | AY257: -0.3 | AZ257: =0.5*AX257 + 0.5*AT257 -> -1.65 | BA257: =IF(B257>0, AZ257*1000000/B257, 0) -> -0.56719743
A258: Blake Griffin | B258: 2905851 | C258: C | D258: 33 | E258: BOS | F258: 41 | G258: 16 | H258: 13.9 | I258: 1.5 | J258: 3.2 | K258: 0.485 | L258: 0.6 | M258: 1.6 | N258: 0.348 | O258: 1 | P258: 1.6 | Q258: 0.625 | R258: 0.573 | S258: 0.5 | T258: 0.8 | U258: 0.656 | V258: 1.1 | W258: 2.6 | X258: 3.8 | Y258: 1.5 | Z258: 0.3 | AA258: 0.2 | AB258: 0.5 | AC258: 1.8 | AD258: 4.1 | AE258: 569 | AF258: 13.1 | AG258: 0.59 | AH258: 0.508 | AI258: 0.246 | AJ258: 9.2 | AK258: 20.4 | AL258: 14.9 | AM258: 14.2 | AN258: 1.2 | AO258: 1.4 | AP258: 13.2 | AQ258: 12.7 | AR258: 1 | AS258: 0.8 | AT258: 1.8 | AU258: 0.153 | AV258: -1.4 | AW258: 1.5 | AX258: 0.1 | AY258: 0.3 | AZ258: =0.5*AX258 + 0.5*AT258 -> 0.95 | BA258: =IF(B258>0, AZ258*1000000/B258, 0) -> 0.3269266
A259: Robin Lopez | B259: 2905851 | C259: C | D259: 34 | E259: CLE | F259: 37 | G259: 2 | H259: 8.1 | I259: 1.3 | J259: 2 | K259: 0.64 | L259: 0.1 | M259: 0.1 | N259: 0.5 | O259: 1.2 | P259: 1.9 | Q259: 0.648 | R259: 0.653 | S259: 0.4 | T259: 0.5 | U259: 0.778 | V259: 0.6 | W259: 0.8 | X259: 1.4 | Y259: 0.5 | Z259: 0.1 | AA259: 0.2 | AB259: 0.7 | AC259: 1.2 | AD259: 3 | AE259: 299 | AF259: 11.6 | AG259: 0.675 | AH259: 0.053 | AI259: 0.24 | AJ259: 9.1 | AK259: 11 | AL259: 10 | AM259: 9.1 | AN259: 0.3 | AO259: 2.5 | AP259: 23.2 | AQ259: 16.1 | AR259: 0.2 | AS259: 0.3 | AT259: 0.6 | AU259: 0.094 | AV259: -3.4 | AW259: 0.3 | AX259: -3 | AY259: -0.1 | AZ259: =0.5*AX259 + 0.5*AT259 -> -1.2 | BA259: =IF(B259>0, AZ259*1000000/B259, 0) -> -0.41295992
A260: Markieff Morris | B260: 2905851 | C260: PF | D260: 33 | E260: DAL | F260: 35 | G260: 2 | H260: 10.1 | I260: 1.3 | J260: 3.3 | K260: 0.409 | L260: 0.8 | M260: 2 | N260: 0.394 | O260: 0.5 | P260: 1.3 | Q260: 0.432 | R260: 0.53 | S260: 0.3 | T260: 0.3 | U260: 1 | V260: 0.4 | W260: 1.7 | X260: 2 | Y260: 0.9 | Z260: 0.3 | AA260: 0.1 | AB260: 0.5 | AC260: 1.4 | AD260: 3.8 | AE260: 355 | AF260: 10.4 | AG260: 0.553 | AH260: 0.617 | AI260: 0.087 | AJ260: 4.2 | AK260: 18.2 | AL260: 11.3 | AM260: 12.2 | AN260: 1.2 | AO260: 1.2 | AP260: 13.1 | AQ260: 17.2 | AR260: 0.1 | AS260: 0.4 | AT260: 0.4 | AU260: 0.059 | AV260: -2.3 | AW260: -0.4 | AX260: -2.7 | AY260: -0.1 | AZ260: =0.5*AX260 + 0.5*AT260 -> -1.15 | BA260: =IF(B260>0, AZ260*1000000/B260, 0) -> -0.39575326
A261: Andre Iguodala | B261: 2905851 | C261: PF | D261: 39 | E261: GSW | F261: 8 | G261: 0 | H261: 14.1 | I261: 0.9 | J261: 1.9 | K261: 0.467 | L261: 0.1 | M261: 1.1 | N261: 0.111 | O261: 0.8 | P261: 0.8 | Q261: 1 | R261: 0.5 | S261: 0.3 | T261: 0.4 | U261: 0.667 | V261: 0.4 | W261: 1.8 | X261: 2.1 | Y261: 2.4 | Z261: 0.5 | AA261: 0.4 | AB261: 1.1 | AC261: 1.4 | AD261: 2.1 | AE261: 113 | AF261: 7.3 | AG261: 0.521 | AH261: 0.6 | AI261: 0.2 | AJ261: 3 | AK261: 13.4 | AL261: 8.3 | AM261: 20.3 | AN261: 1.7 | AO261: 2.3 | AP261: 35.5 | AQ261: 9.4 | AR261: 0 | AS261: 0.1 | AT261: 0.1 | AU261: 0.044 | AV261: -4.3 | AW261: 1.7 | AX261: -2.5 | AY261: 0 | AZ261: =0.5*AX261 + 0.5*AT261 -> -1.2 | BA261: =IF(B261>0, AZ261*1000000/B261, 0) -> -0.41295992
A262: Serge Ibaka | B262: 2905851 | C262: C | D262: 33 | E262: MIL | F262: 16 | G262: 0 | H262: 11.6 | I262: 1.6 | J262: 3.4 | K262: 0.481 | L262: 0.4 | M262: 1.1 | N262: 0.333 | O262: 1.3 | P262: 2.3 | Q262: 0.556 | R262: 0.537 | S262: 0.5 | T262: 0.8 | U262: 0.615 | V262: 0.9 | W262: 1.8 | X262: 2.8 | Y262: 0.3 | Z262: 0.1 | AA262: 0.4 | AB262: 0.7 | AC262: 1.4 | AD262: 4.1 | AE262: 185 | AF262: 9.8 | AG262: 0.553 | AH262: 0.333 | AI262: 0.241 | AJ262: 8.8 | AK262: 15.7 | AL262: 12.4 | AM262: 2.9 | AN262: 0.5 | AO262: 3.1 | AP262: 15.6 | AQ262: 16.1 | AR262: 0 | AS262: 0.2 | AT262: 0.2 | AU262: 0.058 | AV262: -4.6 | AW262: 0 | AX262: -4.5 | AY262: -0.1 | AZ262: =0.5*AX262 + 0.5*AT262 -> -2.15 | BA262: =IF(B262>0, AZ262*1000000/B262, 0) -> -0.73988653
A263: Udonis Haslem | B263: 2905851 | C263: C | D263: 42 | E263: MIA | F263: 7 | G263: 1 | H263: 10.1 | I263: 1.4 | J263: 4.1 | K263: 0.345 | L263: 0.4 | M263: 1.3 | N263: 0.333 | O263: 1 | P263: 2.9 | Q263: 0.35 | R263: 0.397 | S263: 0.6 | T263: 0.7 | U263: 0.8 | V263: 0.6 | W263: 1 | X263: 1.6 | Y263: 0 | Z263: 0.1 | AA263: 0.3 | AB263: 0.1 | AC263: 1.6 | AD263: 3.9 | AE263: 71 | AF263: 6.2 | AG263: 0.433 | AH263: 0.31 | AI263: 0.172 | AJ263: 6.4 | AK263: 12 | AL263: 9.1 | AM263: 0 | AN263: 0.7 | AO263: 2.9 | AP263: 3.1 | AQ263: 20.1 | AR263: -0.1 | AS263: 0.1 | AT263: 0 | AU263: -0.009 | AV263: -8.2 | AW263: -3.9 | AX263: -12.1 | AY263: -0.2 | AZ263: =0.5*AX263 + 0.5*AT263 -> -6.05 | BA263: =IF(B263>0, AZ263*1000000/B263, 0) -> -2.0820063
A264: Wesley Matthews | B264: 2905851 | C264: SF | D264: 36 | E264: MIL | F264: 52 | G264: 0 | H264: 15.8 | I264: 1.1 | J264: 3.1 | K264: 0.363 | L264: 0.8 | M264: 2.4 | N264: 0.315 | O264: 0.4 | P264: 0.7 | Q264: 0.528 | R264: 0.484 | S264: 0.5 | T264: 0.5 | U264: 0.857 | V264: 0.7 | W264: 1.5 | X264: 2.2 | Y264: 0.7 | Z264: 0.4 | AA264: 0.3 | AB264: 0.3 | AC264: 1.4 | AD264: 3.4 | AE264: 820 | AF264: 7 | AG264: 0.519 | AH264: 0.775 | AI264: 0.175 | AJ264: 4.5 | AK264: 9.7 | AL264: 7.2 | AM264: 5.1 | AN264: 1.2 | AO264: 1.3 | AP264: 9.5 | AQ264: 9.8 | AR264: 0.3 | AS264: 0.9 | AT264: 1.2 | AU264: 0.073 | AV264: -3.4 | AW264: 0.8 | AX264: -2.7 | AY264: -0.1 | AZ264: =0.5*AX264 + 0.5*AT264 -> -0.75 | BA264: =IF(B264>0, AZ264*1000000/B264, 0) -> -0.25809995
A265: Austin Rivers | B265: 2905851 | C265: SG | D265: 30 | E265: MIN | F265: 52 | G265: 10 | H265: 19.5 | I265: 1.8 | J265: 4 | K265: 0.435 | L265: 0.8 | M265: 2.4 | N265: 0.35 | O265: 0.9 | P265: 1.7 | Q265: 0.558 | R265: 0.538 | S265: 0.6 | T265: 0.8 | U265: 0.769 | V265: 0.1 | W265: 1.5 | X265: 1.6 | Y265: 1.4 | Z265: 0.5 | AA265: 0.1 | AB265: 0.4 | AC265: 1.5 | AD265: 4.9 | AE265: 1016 | AF265: 7.4 | AG265: 0.564 | AH265: 0.589 | AI265: 0.187 | AJ265: 0.6 | AK265: 8.4 | AL265: 4.6 | AM265: 9.3 | AN265: 1.3 | AO265: 0.3 | AP265: 9.2 | AQ265: 10.5 | AR265: 0.5 | AS265: 0.8 | AT265: 1.3 | AU265: 0.061 | AV265: -3.3 | AW265: 0.5 | AX265: -2.8 | AY265: -0.2 | AZ265: =0.5*AX265 + 0.5*AT265 -> -0.75 | BA265: =IF(B265>0, AZ265*1000000/B265, 0) -> -0.25809995
A266: Bismack Biyombo | B266: 2905851 | C266: C | D266: 30 | E266: PHO | F266: 61 | G266: 14 | H266: 14.3 | I266: 2 | J266: 3.4 | K266: 0.578 | L266: 0 | M266: 0 | O266: 2 | P266: 3.4 | Q266: 0.578 | R266: 0.578 | S266: 0.4 | T266: 1.1 | U266: 0.357 | V266: 1.5 | W266: 2.8 | X266: 4.3 | Y266: 0.9 | Z266: 0.3 | AA266: 1.4 | AB266: 0.8 | AC266: 1.9 | AD266: 4.3 | AE266: 874 | AF266: 14.4 | AG266: 0.555 | AH266: 0 | AI266: 0.34 | AJ266: 11 | AK266: 22.1 | AL266: 16.5 | AM266: 8.7 | AN266: 1 | AO266: 9 | AP266: 17.7 | AQ266: 14 | AR266: 0.2 | AS266: 1.6 | AT266: 1.9 | AU266: 0.102 | AV266: -3.4 | AW266: 2.5 | AX266: -0.9 | AY266: 0.2 | AZ266: =0.5*AX266 + 0.5*AT266 -> 0.5 | BA266: =IF(B266>0, AZ266*1000000/B266, 0) -> 0.17206663
A267: Taj Gibson | B267: 2905851 | C267: C | D267: 37 | E267: WAS | F267: 49 | G267: 2 | H267: 9.8 | I267: 1.3 | J267: 2.6 | K267: 0.52 | L267: 0.2 | M267: 0.5 | N267: 0.333 | O267: 1.2 | P267: 2.1 | Q267: 0.564 | R267: 0.552 | S267: 0.6 | T267: 0.9 | U267: 0.714 | V267: 0.7 | W267: 1.2 | X267: 1.9 | Y267: 0.7 | Z267: 0.3 | AA267: 0.2 | AB267: 0.5 | AC267: 1.7 | AD267: 3.4 | AE267: 480 | AF267: 11.4 | AG267: 0.585 | AH267: 0.192 | AI267: 0.336 | AJ267: 7.7 | AK267: 13.6 | AL267: 10.8 | AM267: 9.6 | AN267: 1.5 | AO267: 2.1 | AP267: 15.3 | AQ267: 15.3 | AR267: 0.4 | AS267: 0.5 | AT267: 0.8 | AU267: 0.082 | AV267: -3.6 | AW267: 0.5 | AX267: -3.2 | AY267: -0.1 | AZ267: =0.5*AX267 + 0.5*AT267 -> -1.2 | BA267: =IF(B267>0, AZ267*1000000/B267, 0) -> -0.41295992
A268: Precious Achiuwa | B268: 2840160 | C268: C | D268: 23 | E268: TOR | F268: 55 | G268: 12 | H268: 20.7 | I268: 3.6 | J268: 7.3 | K268: 0.485 | L268: 0.5 | M268: 2 | N268: 0.269 | O268: 3 | P268: 5.4 | Q268: 0.564 | R268: 0.521 | S268: 1.6 | T268: 2.3 | U268: 0.702 | V268: 1.8 | W268: 4.1 | X268: 6 | Y268: 0.9 | Z268: 0.6 | AA268: 0.5 | AB268: 1.1 | AC268: 1.9 | AD268: 9.2 | AE268: 1140 | AF268: 15.2 | AG268: 0.554 | AH268: 0.267 | AI268: 0.307 | AJ268: 9.3 | AK268: 24.4 | AL268: 16.3 | AM268: 6.3 | AN268: 1.3 | AO268: 2.6 | AP268: 11.4 | AQ268: 19.4 | AR268: 0.8 | AS268: 1.4 | AT268: 2.2 | AU268: 0.093 | AV268: -1.4 | AW268: -0.8 | AX268: -2.3 | AY268: -0.1 | AZ268: =0.5*AX268 + 0.5*AT268 -> -0.05 | BA268: =IF(B268>0, AZ268*1000000/B268, 0) -> -0.017604642
A269: Christian Braun | B269: 2808600 | C269: SG | D269: 21 | E269: DEN | F269: 76 | G269: 6 | H269: 15.5 | I269: 1.9 | J269: 3.8 | K269: 0.495 | L269: 0.4 | M269: 1.3 | N269: 0.354 | O269: 1.4 | P269: 2.5 | Q269: 0.565 | R269: 0.554 | S269: 0.5 | T269: 0.8 | U269: 0.625 | V269: 0.6 | W269: 1.8 | X269: 2.4 | Y269: 0.8 | Z269: 0.5 | AA269: 0.2 | AB269: 0.5 | AC269: 1.3 | AD269: 4.7 | AE269: 1181 | AF269: 10.3 | AG269: 0.568 | AH269: 0.332 | AI269: 0.221 | AJ269: 4.8 | AK269: 12.6 | AL269: 8.8 | AM269: 6.4 | AN269: 1.7 | AO269: 1.3 | AP269: 9.9 | AQ269: 13 | AR269: 0.7 | AS269: 1.2 | AT269: 1.9 | AU269: 0.079 | AV269: -2.5 | AW269: 0.1 | AX269: -2.4 | AY269: -0.1 | AZ269: =0.5*AX269 + 0.5*AT269 -> -0.25 | BA269: =IF(B269>0, AZ269*1000000/B269, 0) -> -0.089012319
A270: Jordan Nwora | B270: 2800000 | C270: SF | D270: 24 | E270: IND | F270: 62 | G270: 14 | H270: 19.2 | I270: 3.1 | J270: 7.2 | K270: 0.436 | L270: 1.4 | M270: 3.4 | N270: 0.408 | O270: 1.7 | P270: 3.8 | Q270: 0.462 | R270: 0.533 | S270: 1.1 | T270: 1.4 | U270: 0.791 | V270: 0.8 | W270: 2.9 | X270: 3.7 | Y270: 1.4 | Z270: 0.4 | AA270: 0.2 | AB270: 1.1 | AC270: 1.2 | AD270: 8.7 | AE270: 1188 | AF270: 12.2 | AG270: 0.561 | AH270: 0.474 | AI270: 0.193 | AJ270: 4.7 | AK270: 15.8 | AL270: 10.4 | AM270: 10.5 | AN270: 1 | AO270: 1 | AP270: 12 | AQ270: 19.4 | AR270: 0.5 | AS270: 1 | AT270: 1.5 | AU270: 0.06 | AV270: -0.8 | AW270: -1.3 | AX270: -2.1 | AY270: 0 | AZ270: =0.5*AX270 + 0.5*AT270 -> -0.3 | BA270: =IF(B270>0, AZ270*1000000/B270, 0) -> -0.10714286
A271: Jalen Johnson | B271: 2792640 | C271: SF | D271: 21 | E271: ATL | F271: 70 | G271: 6 | H271: 14.9 | I271: 2.3 | J271: 4.6 | K271: 0.491 | L271: 0.4 | M271: 1.5 | N271: 0.288 | O271: 1.8 | P271: 3.1 | Q271: 0.587 | R271: 0.537 | S271: 0.7 | T271: 1.1 | U271: 0.628 | V271: 0.7 | W271: 3.3 | X271: 4 | Y271: 1.2 | Z271: 0.5 | AA271: 0.5 | AB271: 0.6 | AC271: 1.6 | AD271: 5.6 | AE271: 1042 | AF271: 14.1 | AG271: 0.554 | AH271: 0.323 | AI271: 0.242 | AJ271: 5.3 | AK271: 24.6 | AL271: 14.8 | AM271: 10.4 | AN271: 1.7 | AO271: 2.8 | AP271: 10.3 | AQ271: 16 | AR271: 0.8 | AS271: 1.3 | AT271: 2.1 | AU271: 0.099 | AV271: -1.2 | AW271: 1.5 | AX271: 0.3 | AY271: 0.6 | AZ271: =0.5*AX271 + 0.5*AT271 -> 1.2 | BA271: =IF(B271>0, AZ271*1000000/B271, 0) -> 0.42970093
A272: Tyrese Maxey | B272: 2726880 | C272: SG | D272: 22 | E272: PHI | F272: 60 | G272: 41 | H272: 33.6 | I272: 7.3 | J272: 15.2 | K272: 0.481 | L272: 2.7 | M272: 6.2 | N272: 0.434 | O272: 4.7 | P272: 9.1 | Q272: 0.513 | R272: 0.568 | S272: 3 | T272: 3.6 | U272: 0.845 | V272: 0.4 | W272: 2.6 | X272: 2.9 | Y272: 3.5 | Z272: 0.8 | AA272: 0.1 | AB272: 1.3 | AC272: 2.2 | AD272: 20.3 | AE272: 2016 | AF272: 17 | AG272: 0.605 | AH272: 0.404 | AI272: 0.233 | AJ272: 1.4 | AK272: 8.8 | AL272: 5.2 | AM272: 16.9 | AN272: 1.2 | AO272: 0.4 | AP272: 7.4 | AQ272: 24.1 | AR272: 3.7 | AS272: 1.6 | AT272: 5.4 | AU272: 0.128 | AV272: 1.9 | AW272: -1.2 | AX272: 0.6 | AY272: 1.3 | AZ272: =0.5*AX272 + 0.5*AT272 -> 3 | BA272: =IF(B272>0, AZ272*1000000/B272, 0) -> 1.1001584
A273: Bruno Fernando | B273: 2717391 | C273: C | D273: 24 | E273: ATL | F273: 39 | G273: 4 | H273: 10.4 | I273: 1.5 | J273: 2.9 | K273: 0.527 | L273: 0 | M273: 0.1 | N273: 0 | O273: 1.5 | P273: 2.8 | Q273: 0.546 | R273: 0.527 | S273: 0.9 | T273: 1.3 | U273: 0.7 | V273: 1.4 | W273: 2.1 | X273: 3.5 | Y273: 0.8 | Z273: 0.2 | AA273: 0.9 | AB273: 0.6 | AC273: 1.9 | AD273: 3.9 | AE273: 405 | AF273: 16.6 | AG273: 0.571 | AH273: 0.036 | AI273: 0.446 | AJ273: 14.5 | AK273: 22.8 | AL273: 18.6 | AM273: 10.8 | AN273: 0.7 | AO273: 8.1 | AP273: 15.7 | AQ273: 16.3 | AR273: 0.5 | AS273: 0.4 | AT273: 0.9 | AU273: 0.109 | AV273: -2.8 | AW273: 0.7 | AX273: -2 | AY273: 0 | AZ273: =0.5*AX273 + 0.5*AT273 -> -0.55 | BA273: =IF(B273>0, AZ273*1000000/B273, 0) -> -0.20240002
A274: Walker Kessler | B274: 2696400 | C274: C | D274: 21 | E274: UTA | F274: 74 | G274: 40 | H274: 23 | I274: 4 | J274: 5.6 | K274: 0.72 | L274: 0 | M274: 0 | N274: 0.333 | O274: 4 | P274: 5.6 | Q274: 0.723 | R274: 0.721 | S274: 1.1 | T274: 2.1 | U274: 0.516 | V274: 3.1 | W274: 5.3 | X274: 8.4 | Y274: 0.9 | Z274: 0.4 | AA274: 2.3 | AB274: 0.8 | AC274: 2.3 | AD274: 9.2 | AE274: 1703 | AF274: 21.5 | AG274: 0.702 | AH274: 0.007 | AI274: 0.384 | AJ274: 14.9 | AK274: 24.4 | AL274: 19.7 | AM274: 5.7 | AN274: 0.7 | AO274: 8.6 | AP274: 10.7 | AQ274: 13.3 | AR274: 4.6 | AS274: 2.5 | AT274: 7.1 | AU274: 0.2 | AV274: 1.4 | AW274: 1.5 | AX274: 2.9 | AY274: 2.1 | AZ274: =0.5*AX274 + 0.5*AT274 -> 5 | BA274: =IF(B274>0, AZ274*1000000/B274, 0) -> 1.8543243
A275: Keon Johnson | B275: 2681040 | C275: SG | D275: 20 | E275: POR | F275: 40 | G275: 0 | H275: 10.4 | I275: 1.7 | J275: 4.5 | K275: 0.376 | L275: 0.7 | M275: 2 | N275: 0.346 | O275: 1 | P275: 2.4 | Q275: 0.402 | R275: 0.455 | S275: 0.7 | T275: 1 | U275: 0.659 | V275: 0.3 | W275: 0.8 | X275: 1.1 | Y275: 1.5 | Z275: 0.5 | AA275: 0.2 | AB275: 1.1 | AC275: 1.1 | AD275: 4.7 | AE275: 416 | AF275: 9 | AG275: 0.482 | AH275: 0.455 | AI275: 0.23 | AJ275: 3 | AK275: 9.2 | AL275: 6.1 | AM275: 20.9 | AN275: 2.2 | AO275: 1.3 | AP275: 18 | AQ275: 25 | AR275: -0.7 | AS275: 0.2 | AT275: -0.5 | AU275: -0.057 | AV275: -3.8 | AW275: -1.6 | AX275: -5.4 | AY275: -0.4 | AZ275: =0.5*AX275 + 0.5*AT275 -> -2.95 | BA275: =IF(B275>0, AZ275*1000000/B275, 0) -> -1.1003193
A276: Charles Bassey | B276: 2674742 | C276: C | D276: 22 | E276: SAS | F276: 35 | G276: 2 | H276: 14.5 | I276: 2.5 | J276: 3.9 | K276: 0.644 | L276: 0.1 | M276: 0.2 | N276: 0.375 | O276: 2.4 | P276: 3.6 | Q276: 0.661 | R276: 0.656 | S276: 0.6 | T276: 1.1 | U276: 0.595 | V276: 2.1 | W276: 3.4 | X276: 5.5 | Y276: 1.3 | Z276: 0.5 | AA276: 0.9 | AB276: 1.2 | AC276: 2.1 | AD276: 5.7 | AE276: 508 | AF276: 18.8 | AG276: 0.658 | AH276: 0.059 | AI276: 0.274 | AJ276: 15.5 | AK276: 26.4 | AL276: 20.7 | AM276: 12.9 | AN276: 1.5 | AO276: 5.4 | AP276: 21.3 | AQ276: 15.6 | AR276: 0.7 | AS276: 0.6 | AT276: 1.3 | AU276: 0.122 | AV276: -0.7 | AW276: 1.3 | AX276: 0.6 | AY276: 0.3 | AZ276: =0.5*AX276 + 0.5*AT276 -> 0.95 | BA276: =IF(B276>0, AZ276*1000000/B276, 0) -> 0.35517444
A277: Matthew Dellavedova | B277: 2628597 | C277: PG | D277: 32 | E277: SAC | F277: 32 | G277: 0 | H277: 6.7 | I277: 0.5 | J277: 1.6 | K277: 0.34 | L277: 0.3 | M277: 0.8 | N277: 0.333 | O277: 0.3 | P277: 0.7 | Q277: 0.348 | R277: 0.43 | S277: 0.1 | T277: 0.2 | U277: 0.571 | V277: 0 | W277: 0.4 | X277: 0.4 | Y277: 1.3 | Z277: 0.2 | AA277: 0 | AB277: 0.3 | AC277: 0.6 | AD277: 1.5 | AE277: 213 | AF277: 6.7 | AG277: 0.443 | AH277: 0.54 | AI277: 0.14 | AJ277: 0.5 | AK277: 6.4 | AL277: 3.5 | AM277: 23.4 | AN277: 1.6 | AO277: 0 | AP277: 15.9 | AQ277: 12.7 | AR277: 0 | AS277: 0.1 | AT277: 0.1 | AU277: 0.021 | AV277: -4.4 | AW277: -0.8 | AX277: -5.2 | AY277: -0.2 | AZ277: =0.5*AX277 + 0.5*AT277 -> -2.55 | BA277: =IF(B277>0, AZ277*1000000/B277, 0) -> -0.97009926
A278: Trey Lyles | B278: 2625000 | C278: PF | D278: 27 | E278: SAC | F278: 74 | G278: 0 | H278: 16.9 | I278: 2.5 | J278: 5.5 | K278: 0.458 | L278: 1.2 | M278: 3.2 | N278: 0.363 | O278: 1.4 | P278: 2.3 | Q278: 0.595 | R278: 0.565 | S278: 1.4 | T278: 1.7 | U278: 0.815 | V278: 0.9 | W278: 3.1 | X278: 4.1 | Y278: 0.9 | Z278: 0.4 | AA278: 0.4 | AB278: 0.9 | AC278: 1.3 | AD278: 7.6 | AE278: 1247 | AF278: 14.2 | AG278: 0.607 | AH278: 0.588 | AI278: 0.304 | AJ278: 6.3 | AK278: 21.1 | AL278: 13.7 | AM278: 7 | AN278: 1 | AO278: 2.2 | AP278: 12.2 | AQ278: 18.1 | AR278: 1.4 | AS278: 1.2 | AT278: 2.6 | AU278: 0.098 | AV278: 0 | AW278: -0.9 | AX278: -1 | AY278: 0.3 | AZ278: =0.5*AX278 + 0.5*AT278 -> 0.8 | BA278: =IF(B278>0, AZ278*1000000/B278, 0) -> 0.3047619
... A302: Peyton Watson | B302: 2193960 | C302: SG | D302: 20 | E302: DEN | F302: 23 | G302: 2 | H302: 8.1 | I302: 1.3 | J302: 2.6 | K302: 0.492 | L302: 0.3 | M302: 0.6 | N302: 0.429 | O302: 1 | P302: 2 | Q302: 0.511 | R302: 0.542 | S302: 0.5 | T302: 0.9 | U302: 0.55 | V302: 0.3 | W302: 1.3 | X302: 1.6 | Y302: 0.5 | Z302: 0.1 | AA302: 0.5 | AB302: 0.3 | AC302: 0.6 | AD302: 3.3 | AE302: 186 | AF302: 12.8 | AG302: 0.553 | AH302: 0.237 | AI302: 0.339 | AJ302: 5.1 | AK302: 17.4 | AL302: 11.4 | AM302: 7.9 | AN302: 0.5 | AO302: 5.2 | AP302: 10.6 | AQ302: 17.7 | AR302: 0.1 | AS302: 0.2 | AT302: 0.3 | AU302: 0.073 | AV302: -2.7 | AW302: -0.1 | AX302: -2.8 | AY302: 0 | AZ302: =0.5*AX302 + 0.5*AT302 -> -1.25 | BA302: =IF(B302>0, AZ302*1000000/B302, 0) -> -0.56974603
A303: Udoka Azubuike | B303: 2174880 | C303: C | D303: 23 | E303: UTA | F303: 36 | G303: 4 | H303: 10 | I303: 1.6 | J303: 2 | K303: 0.819 | L303: 0 | M303: 0 | O303: 1.6 | P303: 2 | Q303: 0.819 | R303: 0.819 | S303: 0.2 | T303: 0.6 | U303: 0.35 | V303: 0.9 | W303: 2.4 | X303: 3.3 | Y303: 0.3 | Z303: 0.2 | AA303: 0.4 | AB303: 0.5 | AC303: 0.9 | AD303: 3.5 | AE303: 359 | AF303: 16.1 | AG303: 0.774 | AH303: 0 | AI303: 0.278 | AJ303: 9.5 | AK303: 26.1 | AL303: 17.9 | AM303: 4.3 | AN303: 0.8 | AO303: 3.5 | AP303: 18.2 | AQ303: 11.5 | AR303: 0.6 | AS303: 0.4 | AT303: 1 | AU303: 0.134 | AV303: -1.2 | AW303: 0.5 | AX303: -0.6 | AY303: 0.1 | AZ303: =0.5*AX303 + 0.5*AT303 -> 0.2 | BA303: =IF(B303>0, AZ303*1000000/B303, 0) -> 0.091959097
...

Sheet LP_RosterModel
A1: Player Name | B1: Salary | C1: Position | D1: Age | E1: Team | F1: GP | G1: GS | H1: MP | I1: FG | J1: FGA | K1: FG% | L1: 3P | M1: 3PA | N1: 3P% | O1: 2P | P1: 2PA | Q1: 2P% | R1: eFG% | S1: FT | T1: FTA | U1: FT% | V1: ORB | W1: DRB | X1: TRB | Y1: AST | Z1: STL | AA1: BLK | AB1: TOV | AC1: PF | AD1: PTS | AE1: Total Minutes | AF1: PER | AG1: TS% | AH1: 3PAr | AI1: FTr | AJ1: ORB% | AK1: DRB% | AL1: TRB% | AM1: AST% | AN1: STL% | AO1: BLK% | AP1: TOV% | AQ1: USG% | AR1: OWS | AS1: DWS | AT1: WS | AU1: WS/48 | AV1: OBPM | AW1: DBPM | AX1: BPM | AY1: VORP | AZ1: Score | BA1: Score_per_$M | BB1: Decision Variable | BD1: Total Score | BE1: Total Salary | BF1: Total Players | BG1: PG_Count | BH1: SG_Count | BI1: SF_Count | BJ1: PF_Count | BK1: C_Count | BL1: Cap | BM1: Roster Size
A2: Domantas Sabonis | B2: 21100000 | C2: C | D2: 26 | E2: SAC | F2: 79 | G2: 79 | H2: 34.6 | I2: 7.3 | J2: 11.9 | K2: 0.615 | L2: 0.4 | M2: 1.1 | N2: 0.373 | O2: 6.9 | P2: 10.8 | Q2: 0.639 | R2: 0.632 | S2: 4.1 | T2: 5.5 | U2: 0.742 | V2: 3.2 | W2: 9.1 | X2: 12.3 | Y2: 7.3 | Z2: 0.8 | AA2: 0.5 | AB2: 2.9 | AC2: 3.5 | AD2: 19.1 | AE2: 2736 | AF2: 23.5 | AG2: 0.668 | AH2: 0.088 | AI2: 0.467 | AJ2: 10.6 | AK2: 30 | AL2: 20.3 | AM2: 30.4 | AN2: 1.1 | AO2: 1.2 | AP2: 16.9 | AQ2: 21.3 | AR2: 9.6 | AS2: 3 | AT2: 12.6 | AU2: 0.221 | AV2: 4.1 | AW2: 1.8 | AX2: 5.8 | AY2: 5.4 | AZ2: 9.2 | BA2: 0.43601896 | BB2: 1 | BD2: =SUMPRODUCT(AZ2:AZ193, BB2:BB193) -> 68.997044 | BE2: =SUMPRODUCT(B2:B193, BB2:BB193) -> 1.54e+08 | BF2: =SUM(BB2:BB193) -> 12 | BG2: {=SUMPRODUCT(BB2:BB193, --(C2:C193="PG"))} -> 2 | BH2: {=SUMPRODUCT(BB2:BB193, --(C2:C193="SG"))} -> 3 | BI2: {=SUMPRODUCT(BB2:BB193, --(C2:C193="SF"))} -> 2 | BJ2: {=SUMPRODUCT(BB2:BB193, --(C2:C193="PF"))} -> 2 | BK2: {=SUMPRODUCT(BB2:BB193, --(C2:C193="C"))} -> 3 | BL2: 154000000 | BM2: 12
A3: Evan Mobley | B3: 8478720 | C3: PF | D3: 21 | E3: CLE | F3: 79 | G3: 79 | H3: 34.4 | I3: 6.6 | J3: 12 | K3: 0.554 | L3: 0.3 | M3: 1.3 | N3: 0.216 | O3: 6.4 | P3: 10.7 | Q3: 0.595 | R3: 0.566 | S3: 2.6 | T3: 3.8 | U3: 0.674 | V3: 2.4 | W3: 6.6 | X3: 9 | Y3: 2.8 | Z3: 0.8 | AA3: 1.5 | AB3: 1.8 | AC3: 2.8 | AD3: 16.2 | AE3: 2715 | AF3: 17.9 | AG3: 0.591 | AH3: 0.108 | AI3: 0.321 | AJ3: 8.1 | AK3: 22.7 | AL3: 15.4 | AM3: 12.4 | AN3: 1.1 | AO3: 4 | AP3: 11.9 | AQ3: 20.2 | AR3: 3.7 | AS3: 4.8 | AT3: 8.5 | AU3: 0.151 | AV3: 0 | AW3: 1.6 | AX3: 1.7 | AY3: 2.5 | AZ3: 5.1 | BA3: 0.60150589 | BB3: 1 | BL3: BB193 | BM3: = | BN3: 1 | BO3: Luka
A4: Kevon Looney | B4: 8000000 | C4: C | D4: 26 | E4: GSW | F4: 82 | G4: 70 | H4: 23.9 | I4: 3 | J4: 4.7 | K4: 0.63 | L4: 0 | M4: 0 | N4: 0 | O4: 3 | P4: 4.7 | Q4: 0.632 | R4: 0.63 | S4: 1.1 | T4: 1.9 | U4: 0.606 | V4: 3.3 | W4: 5.9 | X4: 9.3 | Y4: 2.5 | Z4: 0.6 | AA4: 0.6 | AB4: 0.5 | AC4: 2.7 | AD4: 7 | AE4: 1958 | AF4: 17.8 | AG4: 0.639 | AH4: 0.003 | AI4: 0.404 | AJ4: 15.7 | AK4: 26.8 | AL4: 21.4 | AM4: 13.8 | AN4: 1.3 | AO4: 2.2 | AP4: 9.1 | AQ4: 10.6 | AR4: 5.9 | AS4: 2.8 | AT4: 8.7 | AU4: 0.212 | AV4: 0.9 | AW4: 1.3 | AX4: 2.1 | AY4: 2 | AZ4: 5.4 | BA4: 0.675 | BB4: 1 | BL4: BB28 | BM4: = | BN4: 1 | BO4: Kyrie
A5: Tyrese Haliburton | B5: 4215120 | C5: PG | D5: 22 | E5: IND | F5: 56 | G5: 56 | H5: 33.6 | I5: 7.4 | J5: 15 | K5: 0.49 | L5: 2.9 | M5: 7.2 | N5: 0.4 | O5: 4.5 | P5: 7.8 | Q5: 0.572 | R5: 0.586 | S5: 3.1 | T5: 3.6 | U5: 0.871 | V5: 0.6 | W5: 3.1 | X5: 3.7 | Y5: 10.4 | Z5: 1.6 | AA5: 0.4 | AB5: 2.5 | AC5: 1.2 | AD5: 20.7 | AE5: 1883 | AF5: 23.6 | AG5: 0.624 | AH5: 0.478 | AI5: 0.239 | AJ5: 1.9 | AK5: 10.1 | AL5: 6 | AM5: 47.6 | AN5: 2.3 | AO5: 1.1 | AP5: 13.2 | AQ5: 23.8 | AR5: 6.4 | AS5: 1.2 | AT5: 7.6 | AU5: 0.195 | AV5: 7 | AW5: 0.2 | AX5: 7.2 | AY5: 4.4 | AZ5: 7.4 | BA5: 1.7555847 | BB5: 1
A6: Walker Kessler | B6: 2696400 | C6: C | D6: 21 | E6: UTA | F6: 74 | G6: 40 | H6: 23 | I6: 4 | J6: 5.6 | K6: 0.72 | L6: 0 | M6: 0 | N6: 0.333 | O6: 4 | P6: 5.6 | Q6: 0.723 | R6: 0.721 | S6: 1.1 | T6: 2.1 | U6: 0.516 | V6: 3.1 | W6: 5.3 | X6: 8.4 | Y6: 0.9 | Z6: 0.4 | AA6: 2.3 | AB6: 0.8 | AC6: 2.3 | AD6: 9.2 | AE6: 1703 | AF6: 21.5 | AG6: 0.702 | AH6: 0.007 | AI6: 0.384 | AJ6: 14.9 | AK6: 24.4 | AL6: 19.7 | AM6: 5.7 | AN6: 0.7 | AO6: 8.6 | AP6: 10.7 | AQ6: 13.3 | AR6: 4.6 | AS6: 2.5 | AT6: 7.1 | AU6: 0.2 | AV6: 1.4 | AW6: 1.5 | AX6: 2.9 | AY6: 2.1 | AZ6: 5 | BA6: 1.8543243 | BB6: 1
A7: Immanuel Quickley | B7: 2316240 | C7: SG | D7: 23 | E7: NYK | F7: 81 | G7: 21 | H7: 28.9 | I7: 5.2 | J7: 11.6 | K7: 0.448 | L7: 2.1 | M7: 5.6 | N7: 0.37 | O7: 3.1 | P7: 6 | Q7: 0.521 | R7: 0.537 | S7: 2.5 | T7: 3.1 | U7: 0.819 | V7: 0.7 | W7: 3.4 | X7: 4.2 | Y7: 3.4 | Z7: 1 | AA7: 0.2 | AB7: 1.2 | AC7: 2 | AD7: 14.9 | AE7: 2344 | AF7: 16.3 | AG7: 0.578 | AH7: 0.485 | AI7: 0.265 | AJ7: 2.7 | AK7: 13.1 | AL7: 7.9 | AM7: 17.4 | AN7: 1.7 | AO7: 0.6 | AP7: 8.7 | AQ7: 20.9 | AR7: 4.4 | AS7: 2.3 | AT7: 6.7 | AU7: 0.137 | AV7: 1.3 | AW7: 0.4 | AX7: 1.7 | AY7: 2.1 | AZ7: 4.2 | BA7: 1.8132836 | BB7: 1
A8: Desmond Bane | B8: 2130240 | C8: SG | D8: 24 | E8: MEM | F8: 58 | G8: 58 | H8: 31.7 | I8: 7.8 | J8: 16.2 | K8: 0.479 | L8: 2.9 | M8: 7 | N8: 0.408 | O8: 4.9 | P8: 9.2 | Q8: 0.534 | R8: 0.568 | S8: 3.1 | T8: 3.5 | U8: 0.883 | V8: 0.7 | W8: 4.3 | X8: 5 | Y8: 4.4 | Z8: 1 | AA8: 0.4 | AB8: 2.2 | AC8: 2.6 | AD8: 21.5 | AE8: 1841 | AF8: 19.1 | AG8: 0.606 | AH8: 0.433 | AI8: 0.218 | AJ8: 2.5 | AK8: 14.3 | AL8: 8.4 | AM8: 20.8 | AN8: 1.4 | AO8: 1.1 | AP8: 10.9 | AQ8: 26.1 | AR8: 3.5 | AS8: 2.3 | AT8: 5.8 | AU8: 0.151 | AV8: 3.3 | AW8: 0.1 | AX8: 3.5 | AY8: 2.5 | AZ8: 4.65 | BA8: 2.1828526 | BB8: 1
A9: Sam Hauser | B9: 1637966 | C9: SF | D9: 25 | E9: BOS | F9: 80 | G9: 8 | H9: 16.1 | I9: 2.3 | J9: 5 | K9: 0.455 | L9: 1.8 | M9: 4.2 | N9: 0.418 | O9: 0.5 | P9: 0.8 | Q9: 0.656 | R9: 0.631 | S9: 0.2 | T9: 0.2 | U9: 0.706 | V9: 0.4 | W9: 2.1 | X9: 2.6 | Y9: 0.9 | Z9: 0.4 | AA9: 0.3 | AB9: 0.4 | AC9: 1.2 | AD9: 6.4 | AE9: 1290 | AF9: 12.7 | AG9: 0.634 | AH9: 0.846 | AI9: 0.043 | AJ9: 3 | AK9: 14.1 | AL9: 8.6 | AM9: 7.6 | AN9: 1.1 | AO9: 1.4 | AP9: 6.9 | AQ9: 14.7 | AR9: 1.8 | AS9: 1.6 | AT9: 3.4 | AU9: 0.128 | AV9: 0.6 | AW9: 0.4 | AX9: 1 | AY9: 1 | AZ9: 2.2 | BA9: 1.3431292 | BB9: 1
A10: Brandon Clarke | B10: 4343919 | C10: PF | D10: 26 | E10: MEM | F10: 56 | G10: 8 | H10: 19.5 | I10: 4.1 | J10: 6.2 | K10: 0.656 | L10: 0 | M10: 0.1 | N10: 0.167 | O10: 4.1 | P10: 6.1 | Q10: 0.665 | R10: 0.658 | S10: 1.8 | T10: 2.4 | U10: 0.723 | V10: 1.6 | W10: 3.9 | X10: 5.5 | Y10: 1.3 | Z10: 0.6 | AA10: 0.7 | AB10: 1 | AC10: 2.3 | AD10: 10 | AE10: 1090 | AF10: 20 | AG10: 0.682 | AH10: 0.017 | AI10: 0.393 | AJ10: 9 | AK10: 21.2 | AL10: 15.1 | AM10: 9.5 | AN10: 1.5 | AO10: 3.1 | AP10: 11.8 | AQ10: 17.7 | AR10: 2.7 | AS10: 1.8 | AT10: 4.5 | AU10: 0.199 | AV10: 0.8 | AW10: 1.8 | AX10: 2.5 | AY10: 1.3 | AZ10: 3.5 | BA10: 0.80572405 | BB10: 1
A11: Kyrie Irving | B11: 38917057 | C11: SG | D11: 30 | E11: DAL | F11: 60 | G11: 60 | H11: 37.4 | I11: 9.9 | J11: 20.1 | K11: 0.494 | L11: 3.1 | M11: 8.3 | N11: 0.379 | O11: 6.8 | P11: 11.8 | Q11: 0.574 | R11: 0.572 | S11: 4.1 | T11: 4.6 | U11: 0.905 | V11: 1 | W11: 4.1 | X11: 5.1 | Y11: 5.5 | Z11: 1.1 | AA11: 0.8 | AB11: 2.1 | AC11: 2.8 | AD11: 27.1 | AE11: 2241 | AF11: 22.4 | AG11: 0.613 | AH11: 0.412 | AI11: 0.227 | AJ11: 3 | AK11: 12.3 | AL11: 7.7 | AM11: 25.4 | AN11: 1.4 | AO11: 1.7 | AP11: 8.8 | AQ11: 28.9 | AR11: 5.4 | AS11: 2 | AT11: 7.4 | AU11: 0.159 | AV11: 4.8 | AW11: -0.7 | AX11: 4.1 | AY11: 3.5 | AZ11: 5.75 | BA11: 0.14775012 | BB11: 1
A12: Luka Doncic | B12: 37096500 | C12: PG | AT12: 12.1 | AX12: 8.2 | AZ12: 10.15 | BA12: 0.27361072 | BB12: 1
A13: Jayson Tatum | B13: 30351780 | C13: SF | D13: 24 | E13: BOS | F13: 74 | G13: 74 | H13: 36.9 | I13: 9.8 | J13: 21.1 | K13: 0.466 | L13: 3.2 | M13: 9.3 | N13: 0.35 | O13: 6.6 | P13: 11.8 | Q13: 0.558 | R13: 0.543 | S13: 7.2 | T13: 8.4 | U13: 0.854 | V13: 1.1 | W13: 7.7 | X13: 8.8 | Y13: 4.6 | Z13: 1.1 | AA13: 0.7 | AB13: 2.9 | AC13: 2.2 | AD13: 30.1 | AE13: 2732 | AF13: 23.7 | AG13: 0.607 | AH13: 0.44 | AI13: 0.399 | AJ13: 3.2 | AK13: 22.5 | AL13: 13 | AM13: 20.9 | AN13: 1.4 | AO13: 1.6 | AP13: 10.4 | AQ13: 32.7 | AR13: 6.2 | AS13: 4.3 | AT13: 10.5 | AU13: 0.185 | AV13: 4.8 | AW13: 0.7 | AX13: 5.5 | AY13: 5.1 | AZ13: 8 | BA13: 0.26357597 | BB13: 0.70972794
A14: Franz Wagner | B14: 5258280 | C14: SF | D14: 21 | E14: ORL | F14: 80 | G14: 80 | H14: 32.6 | I14: 6.8 | J14: 14 | K14: 0.485 | L14: 1.6 | M14: 4.5 | N14: 0.361 | O14: 5.2 | P14: 9.5 | Q14: 0.544 | R14: 0.543 | S14: 3.4 | T14: 4 | U14: 0.842 | V14: 0.9 | W14: 3.2 | X14: 4.1 | Y14: 3.5 | Z14: 1 | AA14: 0.2 | AB14: 2.1 | AC14: 2.3 | AD14: 18.6 | AE14: 2609 | AF14: 15.9 | AG14: 0.589 | AH14: 0.322 | AI14: 0.288 | AJ14: 3 | AK14: 11.2 | AL14: 7.1 | AM14: 17.2 | AN14: 1.4 | AO14: 0.6 | AP14: 11.7 | AQ14: 23.5 | AR14: 3.1 | AS14: 2.3 | AT14: 5.4 | AU14: 0.099 | AV14: 0.4 | AW14: -0.5 | AX14: -0.1 | AY14: 1.3 | AZ14: 2.65 | BA14: 0.50396708 | BB14: 0.29027206
A15: Joel Embiid | B15: 33616770 | C15: C | D15: 28 | E15: PHI | F15: 66 | G15: 66 | H15: 34.6 | I15: 11 | J15: 20.1 | K15: 0.548 | L15: 1 | M15: 3 | N15: 0.33 | O15: 10 | P15: 17.1 | Q15: 0.587 | R15: 0.573 | S15: 10 | T15: 11.7 | U15: 0.857 | V15: 1.7 | W15: 8.4 | X15: 10.2 | Y15: 4.2 | Z15: 1 | AA15: 1.7 | AB15: 3.4 | AC15: 3.1 | AD15: 33.1 | AE15: 2284 | AF15: 31.4 | AG15: 0.655 | AH15: 0.151 | AI15: 0.581 | AJ15: 5.9 | AK15: 28.3 | AL15: 17.3 | AM15: 22.9 | AN15: 1.4 | AO15: 4.6 | AP15: 11.9 | AQ15: 37 | AR15: 8.4 | AS15: 3.9 | AT15: 12.3 | AU15: 0.259 | AV15: 6.8 | AW15: 2.3 | AX15: 9.2 | AY15: 6.4 | AZ15: 10.75 | BA15: 0.31978087 | BB15: 2.220446e-16
A16: Ja Morant | B16: 12119440 | C16: PG | D16: 23 | E16: MEM | F16: 61 | G16: 59 | H16: 31.9 | I16: 9.3 | J16: 19.9 | K16: 0.466 | L16: 1.5 | M16: 4.9 | N16: 0.307 | O16: 7.8 | P16: 15 | Q16: 0.519 | R16: 0.504 | S16: 6.1 | T16: 8.1 | U16: 0.748 | V16: 1 | W16: 4.9 | X16: 5.9 | Y16: 8.1 | Z16: 1.1 | AA16: 0.3 | AB16: 3.4 | AC16: 1.6 | AD16: 26.2 | AE16: 1948 | AF16: 23.3 | AG16: 0.557 | AH16: 0.247 | AI16: 0.409 | AJ16: 3.3 | AK16: 16.1 | AL16: 9.7 | AM16: 41.1 | AN16: 1.6 | AO16: 0.7 | AP16: 12.6 | AQ16: 34.9 | AR16: 3.4 | AS16: 2.6 | AT16: 6 | AU16: 0.148 | AV16: 5.2 | AW16: 0.5 | AX16: 5.7 | AY16: 3.8 | AZ16: 5.85 | BA16: 0.48269557 | BB16: 0
A17: Jimmy Butler | B17: 37653300 | C17: PF | D17: 33 | E17: MIA | F17: 64 | G17: 64 | H17: 33.4 | I17: 7.5 | J17: 13.9 | K17: 0.539 | L17: 0.6 | M17: 1.6 | N17: 0.35 | O17: 6.9 | P17: 12.3 | Q17: 0.564 | R17: 0.56 | S17: 7.4 | T17: 8.7 | U17: 0.85 | V17: 2.2 | W17: 3.7 | X17: 5.9 | Y17: 5.3 | Z17: 1.8 | AA17: 0.3 | AB17: 1.6 | AC17: 1.3 | AD17: 22.9 | AE17: 2138 | AF17: 27.6 | AG17: 0.647 | AH17: 0.116 | AI17: 0.625 | AJ17: 7.5 | AK17: 13.3 | AL17: 10.3 | AM17: 27.1 | AN17: 2.7 | AO17: 1 | AP17: 8.2 | AQ17: 25.6 | AR17: 9.4 | AS17: 2.9 | AT17: 12.3 | AU17: 0.277 | AV17: 6.7 | AW17: 2 | AX17: 8.7 | AY17: 5.8 | AZ17: 10.5 | BA17: 0.27886002 | BB17: 0
A18: Austin Reaves | B18: 1563518 | C18: SG | D18: 24 | E18: LAL | F18: 64 | G18: 22 | H18: 28.8 | I18: 4 | J18: 7.7 | K18: 0.529 | L18: 1.3 | M18: 3.4 | N18: 0.398 | O18: 2.7 | P18: 4.3 | Q18: 0.631 | R18: 0.616 | S18: 3.6 | T18: 4.1 | U18: 0.864 | V18: 0.5 | W18: 2.5 | X18: 3 | Y18: 3.4 | Z18: 0.5 | AA18: 0.3 | AB18: 1.5 | AC18: 1.7 | AD18: 13 | AE18: 1843 | AF18: 14.9 | AG18: 0.687 | AH18: 0.441 | AI18: 0.541 | AJ18: 2 | AK18: 9 | AL18: 5.6 | AM18: 15.7 | AN18: 0.8 | AO18: 0.9 | AP18: 14 | AQ18: 16.2 | AR18: 4.1 | AS18: 1.4 | AT18: 5.4 | AU18: 0.142 | AV18: 0.6 | AW18: 0.1 | AX18: 0.7 | AY18: 1.2 | AZ18: 3.05 | BA18: 1.9507291 | BB18: 0
A19: Daniel Gafford | B19: 1930681 | C19: C | D19: 24 | E19: WAS | F19: 78 | G19: 47 | H19: 20.6 | I19: 3.7 | J19: 5.1 | K19: 0.732 | L19: 0 | M19: 0 | O19: 3.7 | P19: 5.1 | Q19: 0.732 | R19: 0.732 | S19: 1.6 | T19: 2.4 | U19: 0.679 | V19: 2.1 | W19: 3.5 | X19: 5.6 | Y19: 1.1 | Z19: 0.4 | AA19: 1.3 | AB19: 1.1 | AC19: 2.4 | AD19: 9 | AE19: 1604 | AF19: 19.7 | AG19: 0.739 | AH19: 0 | AI19: 0.473 | AJ19: 11.7 | AK19: 18 | AL19: 15 | AM19: 7.5 | AN19: 1 | AO19: 5.2 | AP19: 15.1 | AQ19: 15.2 | AR19: 4.2 | AS19: 1.9 | AT19: 6.1 | AU19: 0.184 | AV19: 0.4 | AW19: 0.6 | AX19: 1 | AY19: 1.2 | AZ19: 3.55 | BA19: 1.8387294 | BB19: 0
A20: Stephen Curry | B20: 48070014 | C20: PG | D20: 34 | E20: GSW | F20: 56 | G20: 56 | H20: 34.7 | I20: 10 | J20: 20.2 | K20: 0.493 | L20: 4.9 | M20: 11.4 | N20: 0.427 | O20: 5.1 | P20: 8.8 | Q20: 0.579 | R20: 0.614 | S20: 4.6 | T20: 5 | U20: 0.915 | V20: 0.7 | W20: 5.4 | X20: 6.1 | Y20: 6.3 | Z20: 0.9 | AA20: 0.4 | AB20: 3.2 | AC20: 2.1 | AD20: 29.4 | AE20: 1941 | AF20: 24.1 | AG20: 0.656 | AH20: 0.564 | AI20: 0.248 | AJ20: 2.3 | AK20: 16.8 | AL20: 9.7 | AM20: 30 | AN20: 1.3 | AO20: 0.9 | AP20: 12.5 | AQ20: 31 | AR20: 5.8 | AS20: 2 | AT20: 7.8 | AU20: 0.192 | AV20: 7.5 | AW20: 0.1 | AX20: 7.5 | AY20: 4.7 | AZ20: 7.65 | BA20: 0.15914287 | BB20: 0
A21: Russell Westbrook | B21: 47080179 | C21: PG | D21: 34 | E21: LAC | F21: 73 | G21: 24 | H21: 29.1 | I21: 5.9 | J21: 13.6 | K21: 0.436 | L21: 1.2 | M21: 3.9 | N21: 0.311 | O21: 4.7 | P21: 9.7 | Q21: 0.487 | R21: 0.481 | S21: 2.8 | T21: 4.3 | U21: 0.656 | V21: 1.2 | W21: 4.6 | X21: 5.8 | Y21: 7.5 | Z21: 1 | AA21: 0.5 | AB21: 3.5 | AC21: 2.2 | AD21: 15.9 | AE21: 2126 | AF21: 16.1 | AG21: 0.513 | AH21: 0.289 | AI21: 0.317 | AJ21: 4.7 | AK21: 16.5 | AL21: 10.8 | AM21: 38.6 | AN21: 1.7 | AO21: 1.3 | AP21: 18.4 | AQ21: 27.7 | AR21: -0.6 | AS21: 2.6 | AT21: 1.9 | AU21: 0.044 | AV21: 0.3 | AW21: -0.1 | AX21: 0.2 | AY21: 1.2 | AZ21: 1.05 | BA21: 0.022302379 | BB21: 0
A22: LeBron James | B22: 44474988 | C22: PF | D22: 38 | E22: LAL | F22: 55 | G22: 54 | H22: 35.5 | I22: 11.1 | J22: 22.2 | K22: 0.5 | L22: 2.2 | M22: 6.9 | N22: 0.321 | O22: 8.9 | P22: 15.3 | Q22: 0.58 | R22: 0.549 | S22: 4.6 | T22: 5.9 | U22: 0.768 | V22: 1.2 | W22: 7.1 | X22: 8.3 | Y22: 6.8 | Z22: 0.9 | AA22: 0.6 | AB22: 3.2 | AC22: 1.6 | AD22: 28.9 | AE22: 1954 | AF22: 23.9 | AG22: 0.583 | AH22: 0.309 | AI22: 0.268 | AJ22: 3.7 | AK22: 20.8 | AL22: 12.5 | AM22: 33.5 | AN22: 1.2 | AO22: 1.4 | AP22: 11.6 | AQ22: 33.3 | AR22: 3.2 | AS22: 2.4 | AT22: 5.6 | AU22: 0.138 | AV22: 5.5 | AW22: 0.6 | AX22: 6.1 | AY22: 4 | AZ22: 5.85 | BA22: 0.13153461 | BB22: 0
A23: Kevin Durant | B23: 44119845 | C23: PF | D23: 34 | E23: PHO | F23: 47 | G23: 47 | H23: 35.6 | I23: 10.3 | J23: 18.3 | K23: 0.56 | L23: 2 | M23: 4.9 | N23: 0.404 | O23: 8.3 | P23: 13.4 | Q23: 0.617 | R23: 0.614 | S23: 6.5 | T23: 7.1 | U23: 0.919 | V23: 0.4 | W23: 6.3 | X23: 6.7 | Y23: 5 | Z23: 0.7 | AA23: 1.4 | AB23: 3.3 | AC23: 2.1 | AD23: 29.1 | AE23: 1672 | AF23: 25.9 | AG23: 0.677 | AH23: 0.267 | AI23: 0.387 | AJ23: 1.2 | AK23: 19.5 | AL23: 10.5 | AM23: 24.5 | AN23: 1 | AO23: 3.4 | AP23: 13.4 | AQ23: 30.7 | AR23: 4.7 | AS23: 2.1 | AT23: 6.8 | AU23: 0.194 | AV23: 6 | AW23: 1.2 | AX23: 7.1 | AY23: 3.9 | AZ23: 6.95 | BA23: 0.15752549 | BB23: 0
A24: Bradley Beal | B24: 43279250 | C24: SG | D24: 29 | E24: WAS | F24: 50 | G24: 50 | H24: 33.5 | I24: 8.9 | J24: 17.6 | K24: 0.506 | L24: 1.6 | M24: 4.4 | N24: 0.365 | O24: 7.3 | P24: 13.2 | Q24: 0.552 | R24: 0.551 | S24: 3.8 | T24: 4.6 | U24: 0.842 | V24: 0.8 | W24: 3.1 | X24: 3.9 | Y24: 5.4 | Z24: 0.9 | AA24: 0.7 | AB24: 2.9 | AC24: 2.1 | AD24: 23.2 | AE24: 1673 | AF24: 19.7 | AG24: 0.593 | AH24: 0.249 | AI24: 0.26 | AJ24: 2.8 | AK24: 9.9 | AL24: 6.5 | AM24: 26.6 | AN24: 1.3 | AO24: 1.7 | AP24: 12.9 | AQ24: 29.2 | AR24: 2.2 | AS24: 1.2 | AT24: 3.4 | AU24: 0.099 | AV24: 2.9 | AW24: -1.2 | AX24: 1.8 | AY24: 1.6 | AZ24: 2.6 | BA24: 0.060074978 | BB24: 0
A25: Kawhi Leonard | B25: 42492492 | C25: SF | D25: 31 | E25: LAC | F25: 52 | G25: 50 | H25: 33.6 | I25: 8.6 | J25: 16.8 | K25: 0.512 | L25: 2 | M25: 4.8 | N25: 0.416 | O25: 6.6 | P25: 11.9 | Q25: 0.551 | R25: 0.572 | S25: 4.7 | T25: 5.4 | U25: 0.871 | V25: 1.1 | W25: 5.4 | X25: 6.5 | Y25: 3.9 | Z25: 1.4 | AA25: 0.5 | AB25: 1.7 | AC25: 1.6 | AD25: 23.8 | AE25: 1748 | AF25: 23.9 | AG25: 0.623 | AH25: 0.287 | AI25: 0.32 | AJ25: 3.7 | AK25: 17.8 | AL25: 10.8 | AM25: 19.6 | AN25: 2 | AO25: 1.4 | AP25: 8.1 | AQ25: 27 | AR25: 4.9 | AS25: 2.2 | AT25: 7.1 | AU25: 0.194 | AV25: 5.1 | AW25: 0.9 | AX25: 6.1 | AY25: 3.5 | AZ25: 6.6 | BA25: 0.15532156 | BB25: 0
A26: Paul George | B26: 42492492 | C26: SF | D26: 32 | E26: LAC | F26: 56 | G26: 56 | H26: 34.6 | I26: 8.2 | J26: 17.9 | K26: 0.457 | L26: 2.8 | M26: 7.6 | N26: 0.371 | O26: 5.4 | P26: 10.3 | Q26: 0.521 | R26: 0.536 | S26: 4.6 | T26: 5.3 | U26: 0.871 | V26: 0.8 | W26: 5.3 | X26: 6.1 | Y26: 5.1 | Z26: 1.5 | AA26: 0.4 | AB26: 3.1 | AC26: 2.8 | AD26: 23.8 | AE26: 1939 | AF26: 19.6 | AG26: 0.588 | AH26: 0.424 | AI26: 0.293 | AJ26: 2.6 | AK26: 17 | AL26: 9.9 | AM26: 24.2 | AN26: 2.1 | AO26: 0.9 | AP26: 13.4 | AQ26: 29.5 | AR26: 2.3 | AS26: 2.3 | AT26: 4.6 | AU26: 0.114 | AV26: 2.4 | AW26: 0.3 | AX26: 2.8 | AY26: 2.3 | AZ26: 3.7 | BA26: 0.087074206 | BB26: 0
A27: Giannis Antetokounmpo | B27: 42492492 | C27: PF | D27: 28 | E27: MIL | F27: 63 | G27: 63 | H27: 32.1 | I27: 11.2 | J27: 20.3 | K27: 0.553 | L27: 0.7 | M27: 2.7 | N27: 0.275 | O27: 10.5 | P27: 17.6 | Q27: 0.596 | R27: 0.572 | S27: 7.9 | T27: 12.3 | U27: 0.645 | V27: 2.2 | W27: 9.6 | X27: 11.8 | Y27: 5.7 | Z27: 0.8 | AA27: 0.8 | AB27: 3.9 | AC27: 3.1 | AD27: 31.1 | AE27: 2024 | AF27: 29 | AG27: 0.605 | AH27: 0.134 | AI27: 0.604 | AJ27: 7.3 | AK27: 30 | AL27: 19.1 | AM27: 33.2 | AN27: 1.2 | AO27: 2.1 | AP27: 13.2 | AQ27: 38.8 | AR27: 4.9 | AS27: 3.7 | AT27: 8.6 | AU27: 0.204 | AV27: 5.8 | AW27: 2.7 | AX27: 8.5 | AY27: 5.4 | AZ27: 8.55 | BA27: 0.20121202 | BB27: 0
A28: Damian Lillard | B28: 42492492 | C28: PG | D28: 32 | E28: POR | F28: 58 | G28: 58 | H28: 36.3 | I28: 9.6 | J28: 20.7 | K28: 0.463 | L28: 4.2 | M28: 11.3 | N28: 0.371 | O28: 5.4 | P28: 9.4 | Q28: 0.574 | R28: 0.564 | S28: 8.8 | T28: 9.6 | U28: 0.914 | V28: 0.8 | W28: 4 | X28: 4.8 | Y28: 7.3 | Z28: 0.9 | AA28: 0.3 | AB28: 3.3 | AC28: 1.9 | AD28: 32.2 | AE28: 2107 | AF28: 26.7 | AG28: 0.645 | AH28: 0.547 | AI28: 0.464 | AJ28: 2.4 | AK28: 12.8 | AL28: 7.6 | AM28: 35 | AN28: 1.2 | AO28: 0.8 | AP28: 11.7 | AQ28: 33.8 | AR28: 8.2 | AS28: 0.8 | AT28: 9 | AU28: 0.205 | AV28: 8.3 | AW28: -1.2 | AX28: 7.1 | AY28: 4.9 | AZ28: 8.05 | BA28: 0.18944523 | BB28: 0
A29: Klay Thompson | B29: 40600080 | C29: SF | D29: 32 | E29: GSW | F29: 69 | G29: 69 | H29: 33 | I29: 7.9 | J29: 18.1 | K29: 0.436 | L29: 4.4 | M29: 10.6 | N29: 0.412 | O29: 3.6 | P29: 7.6 | Q29: 0.47 | R29: 0.556 | S29: 1.7 | T29: 1.9 | U29: 0.879 | V29: 0.6 | W29: 3.6 | X29: 4.1 | Y29: 2.4 | Z29: 0.7 | AA29: 0.4 | AB29: 1.8 | AC29: 1.9 | AD29: 21.9 | AE29: 2279 | AF29: 14.7 | AG29: 0.576 | AH29: 0.584 | AI29: 0.105 | AJ29: 1.9 | AK29: 11.7 | AL29: 6.9 | AM29: 11 | AN29: 1 | AO29: 1.1 | AP29: 8.6 | AQ29: 26.4 | AR29: 1.2 | AS29: 1.9 | AT29: 3.1 | AU29: 0.066 | AV29: 1.5 | AW29: -1.7 | AX29: -0.3 | AY29: 1 | AZ29: 1.4 | BA29: 0.034482691 | BB29: 0
A30: Rudy Gobert | B30: 38172414 | C30: C | D30: 30 | E30: MIN | F30: 70 | G30: 70 | H30: 30.7 | I30: 5.1 | J30: 7.8 | K30: 0.659 | L30: 0 | M30: 0 | N30: 0 | O30: 5.1 | P30: 7.8 | Q30: 0.663 | R30: 0.659 | S30: 3.1 | T30: 4.9 | U30: 0.644 | V30: 3.3 | W30: 8.3 | X30: 11.6 | Y30: 1.2 | Z30: 0.8 | AA30: 1.4 | AB30: 1.7 | AC30: 3 | AD30: 13.4 | AE30: 2148 | AF30: 18.9 | AG30: 0.675 | AH30: 0.005 | AI30: 0.623 | AJ30: 12.2 | AK30: 29.8 | AL30: 21.2 | AM30: 5.6 | AN30: 1.2 | AO30: 3.9 | AP30: 14.9 | AQ30: 16.3 | AR30: 4.3 | AS30: 3.5 | AT30: 7.8 | AU30: 0.174 | AV30: 0 | AW30: 0.7 | AX30: 0.7 | AY30: 1.4 | AZ30: 4.25 | BA30: 0.11133695 | BB30: 0
A31: Anthony Davis | B31: 37980720 | C31: C | D31: 29 | E31: LAL | F31: 56 | G31: 54 | H31: 34 | I31: 9.7 | J31: 17.2 | K31: 0.563 | L31: 0.3 | M31: 1.3 | N31: 0.257 | O31: 9.3 | P31: 15.9 | Q31: 0.589 | R31: 0.573 | S31: 6.2 | T31: 7.9 | U31: 0.784 | V31: 3.5 | W31: 9.1 | X31: 12.5 | Y31: 2.6 | Z31: 1.1 | AA31: 2 | AB31: 2.2 | AC31: 2.6 | AD31: 25.9 | AE31: 1904 | AF31: 27.8 | AG31: 0.627 | AH31: 0.077 | AI31: 0.462 | AJ31: 11.3 | AK31: 27.6 | AL31: 19.7 | AM31: 13 | AN31: 1.5 | AO31: 5.1 | AP31: 9.5 | AQ31: 28.4 | AR31: 5.5 | AS31: 3.4 | AT31: 9 | AU31: 0.226 | AV31: 4.6 | AW31: 1.7 | AX31: 6.3 | AY31: 4 | AZ31: 7.65 | BA31: 0.20141798 | BB31: 0
... A83: Dejounte Murray | B83: 17071120 | C83: SG | D83: 26 | E83: ATL | F83: 74 | G83: 74 | H83: 36.4 | I83: 8.3 | J83: 17.8 | K83: 0.464 | L83: 1.8 | M83: 5.2 | N83: 0.344 | O83: 6.5 | P83: 12.6 | Q83: 0.514 | R83: 0.514 | S83: 2.1 | T83: 2.6 | U83: 0.832 | V83: 0.7 | W83: 4.5 | X83: 5.3 | Y83: 6.1 | Z83: 1.5 | AA83: 0.3 | AB83: 2.2 | AC83: 1.4 | AD83: 20.5 | AE83: 2693 | AF83: 17 | AG83: 0.54 | AH83: 0.293 | AI83: 0.144 | AJ83: 2.1 | AK83: 13.8 | AL83: 7.9 | AM83: 24 | AN83: 2 | AO83: 0.6 | AP83: 10.2 | AQ83: 24.4 | AR83: 2.4 | AS83: 2.3 | AT83: 4.7 | AU83: 0.084 | AV83: 1.1 | AW83: 0 | AX83: 1 | AY83: 2.1 | AZ83: 2.85 | BA83: 0.16694862 | BB83: 0
A84: Mitchell Robinson | B84: 17045454 | C84: C | D84: 24 | E84: NYK | F84: 59 | G84: 58 | H84: 27 | I84: 3.2 | J84: 4.7 | K84: 0.671 | L84: 0 | M84: 0 | O84: 3.2 | P84: 4.7 | Q84: 0.671 | R84: 0.671 | S84: 1 | T84: 2.1 | U84: 0.484 | V84: 4.5 | W84: 4.9 | X84: 9.4 | Y84: 0.9 | Z84: 0.9 | AA84: 1.8 | AB84: 0.7 | AC84: 2.7 | AD84: 7.4 | AE84: 1591 | AF84: 18.9 | AG84: 0.652 | AH84: 0 | AI84: 0.436 | AJ84: 18.4 | AK84: 20 | AL84: 19.2 | AM84: 4.5 | AN84: 1.7 | AO84: 6.5 | AP84: 10.9 | AQ84: 10.1 | AR84: 4 | AS84: 2.6 | AT84: 6.5 | AU84: 0.197 | AV84: 1 | AW84: 1.4 | AX84: 2.4 | AY84: 1.7 | AZ84: 4.45 | BA84: 0.26106668 | BB84: 0
A85: Norman Powell | B85: 16758621 | C85: SG | D85: 29 | E85: LAC | F85: 60 | G85: 8 | H85: 26.1 | I85: 5.7 | J85: 11.8 | K85: 0.479 | L85: 1.9 | M85: 4.8 | N85: 0.397 | O85: 3.8 | P85: 7.1 | Q85: 0.534 | R85: 0.559 | S85: 3.8 | T85: 4.6 | U85: 0.812 | V85: 0.4 | W85: 2.5 | X85: 2.9 | Y85: 1.8 | Z85: 0.8 | AA85: 0.3 | AB85: 1.7 | AC85: 2.1 | AD85: 17 | AE85: 1567 | AF85: 17.1 | AG85: 0.612 | AH85: 0.404 | AI85: 0.39 | AJ85: 1.7 | AK85: 10.7 | AL85: 6.3 | AM85: 11 | AN85: 1.6 | AO85: 1 | AP85: 10.8 | AQ85: 26 | AR85: 2.1 | AS85: 1.4 | AT85: 3.5 | AU85: 0.107 | AV85: 0.9 | AW85: -0.7 | AX85: 0.3 | AY85: 0.9 | AZ85: 1.9 | BA85: 0.11337448 | BB85: 0
A86: Collin Sexton | B86: 16700000 | C86: PG | D86: 24 | E86: UTA | F86: 48 | G86: 15 | H86: 23.9 | I86: 4.9 | J86: 9.8 | K86: 0.506 | L86: 1 | M86: 2.5 | N86: 0.393 | O86: 3.9 | P86: 7.2 | Q86: 0.546 | R86: 0.558 | S86: 3.4 | T86: 4.1 | U86: 0.819 | V86: 0.8 | W86: 1.4 | X86: 2.2 | Y86: 2.9 | Z86: 0.6 | AA86: 0.1 | AB86: 1.8 | AC86: 2.3 | AD86: 14.3 | AE86: 1145 | AF86: 15.9 | AG86: 0.616 | AH86: 0.261 | AI86: 0.425 | AJ86: 3.5 | AK86: 6.3 | AL86: 5 | AM86: 17.9 | AN86: 1.1 | AO86: 0.4 | AP86: 13.3 | AQ86: 23.4 | AR86: 2 | AS86: 0.5 | AT86: 2.5 | AU86: 0.105 | AV86: 0.1 | AW86: -1.5 | AX86: -1.3 | AY86: 0.2 | AZ86: 0.6 | BA86: 0.035928144 | BB86: 0
A87: Markelle Fultz | B87: 16500000 | C87: PG | D87: 24 | E87: ORL | F87: 60 | G87: 60 | H87: 29.6 | I87: 5.8 | J87: 11.3 | K87: 0.514 | L87: 0.5 | M87: 1.5 | N87: 0.31 | O87: 5.4 | P87: 9.9 | Q87: 0.544 | R87: 0.534 | S87: 1.9 | T87: 2.4 | U87: 0.783 | V87: 1.2 | W87: 2.8 | X87: 3.9 | Y87: 5.7 | Z87: 1.5 | AA87: 0.4 | AB87: 2.3 | AC87: 2.2 | AD87: 14 | AE87: 1778 | AF87: 16.6 | AG87: 0.564 | AH87: 0.128 | AI87: 0.211 | AJ87: 4.4 | AK87: 10.5 | AL87: 7.4 | AM87: 29.8 | AN87: 2.4 | AO87: 1.4 | AP87: 15.8 | AQ87: 21.3 | AR87: 1.7 | AS87: 2 | AT87: 3.7 | AU87: 0.1 | AV87: -0.1 | AW87: 0.7 | AX87: 0.5 | AY87: 1.2 | AZ87: 2.1 | BA87: 0.12727273 | BB87: 0
A88: Lauri Markkanen | B88: 16475454 | C88: PF | D88: 25 | E88: UTA | F88: 66 | G88: 66 | H88: 34.4 | I88: 8.7 | J88: 17.3 | K88: 0.499 | L88: 3 | M88: 7.7 | N88: 0.391 | O88: 5.6 | P88: 9.6 | Q88: 0.585 | R88: 0.586 | S88: 5.3 | T88: 6 | U88: 0.875 | V88: 2 | W88: 6.7 | X88: 8.6 | Y88: 1.9 | Z88: 0.6 | AA88: 0.6 | AB88: 1.9 | AC88: 2.1 | AD88: 25.6 | AE88: 2273 | AF88: 22.1 | AG88: 0.64 | AH88: 0.446 | AI88: 0.348 | AJ88: 6.3 | AK88: 20.7 | AL88: 13.6 | AM88: 8.6 | AN88: 0.9 | AO88: 1.4 | AP88: 8.8 | AQ88: 26.6 | AR88: 6.3 | AS88: 1.9 | AT88: 8.2 | AU88: 0.173 | AV88: 4.9 | AW88: -1 | AX88: 3.8 | AY88: 3.3 | AZ88: 6 | BA88: 0.36417813 | BB88: 0
A89: Marcus Morris | B89: 16372093 | C89: PF | D89: 33 | E89: LAC | F89: 65 | G89: 65 | H89: 28.1 | I89: 4.2 | J89: 9.9 | K89: 0.426 | L89: 1.7 | M89: 4.7 | N89: 0.364 | O89: 2.5 | P89: 5.2 | Q89: 0.484 | R89: 0.513 | S89: 1 | T89: 1.3 | U89: 0.782 | V89: 0.4 | W89: 3.5 | X89: 4 | Y89: 1.8 | Z89: 0.6 | AA89: 0.3 | AB89: 0.9 | AC89: 2.1 | AD89: 11.2 | AE89: 1825 | AF89: 10.5 | AG89: 0.534 | AH89: 0.479 | AI89: 0.135 | AJ89: 1.8 | AK89: 13.9 | AL89: 7.9 | AM89: 8.9 | AN89: 1.1 | AO89: 1 | AP89: 7.6 | AQ89: 17.6 | AR89: 0.4 | AS89: 1.6 | AT89: 2 | AU89: 0.053 | AV89: -1.8 | AW89: -0.2 | AX89: -1.9 | AY89: 0 | AZ89: 0.05 | BA89: 0.0030539773 | BB89: 0
A90: Tyus Jones | B90: 15000000 | C90: PG | D90: 26 | E90: MEM | F90: 80 | G90: 22 | H90: 24.3 | I90: 3.9 | J90: 8.9 | K90: 0.438 | L90: 1.5 | M90: 4.1 | N90: 0.371 | O90: 2.4 | P90: 4.8 | Q90: 0.495 | R90: 0.523 | S90: 1 | T90: 1.3 | U90: 0.8 | V90: 0.4 | W90: 2.2 | X90: 2.5 | Y90: 5.2 | Z90: 1 | AA90: 0.1 | AB90: 0.9 | AC90: 0.4 | AD90: 10.3 | AE90: 1940 | AF90: 16 | AG90: 0.546 | AH90: 0.459 | AI90: 0.141 | AJ90: 1.5 | AK90: 9.4 | AL90: 5.5 | AM90: 28.8 | AN90: 2 | AO90: 0.3 | AP90: 8.9 | AQ90: 17.7 | AR90: 3.4 | AS90: 2.3 | AT90: 5.7 | AU90: 0.141 | AV90: 1.2 | AW90: 0.3 | AX90: 1.6 | AY90: 1.7 | AZ90: 3.65 | BA90: 0.24333333 | BB90: 0
A91: Kevin Huerter | B91: 14508929 | C91: SG | D91: 24 | E91: SAC | F91: 75 | G91: 75 | H91: 29.4 | I91: 5.6 | J91: 11.5 | K91: 0.485 | L91: 2.7 | M91: 6.8 | N91: 0.402 | O91: 2.9 | P91: 4.7 | Q91: 0.604 | R91: 0.603 | S91: 1.3 | T91: 1.7 | U91: 0.725 | V91: 0.6 | W91: 2.8 | X91: 3.3 | Y91: 2.9 | Z91: 1.1 | AA91: 0.3 | AB91: 1.3 | AC91: 2.4 | AD91: 15.2 | AE91: 2203 | AF91: 15.2 | AG91: 0.617 | AH91: 0.589 | AI91: 0.151 | AJ91: 2.2 | AK91: 10.8 | AL91: 6.5 | AM91: 14.1 | AN91: 1.7 | AO91: 1 | AP91: 9.5 | AQ91: 19.9 | AR91: 3.3 | AS91: 1.7 | AT91: 4.9 | AU91: 0.107 | AV91: 1.4 | AW91: -0.3 | AX91: 1 | AY91: 1.7 | AZ91: 2.95 | BA91: 0.20332307 | BB91: 0
A92: Christian Wood | B92: 14317459 | C92: C | D92: 27 | E92: DAL | F92: 67 | G92: 17 | H92: 25.9 | I92: 5.9 | J92: 11.5 | K92: 0.515 | L92: 1.6 | M92: 4.2 | N92: 0.376 | O92: 4.3 | P92: 7.3 | Q92: 0.594 | R92: 0.583 | S92: 3.2 | T92: 4.2 | U92: 0.772 | V92: 1.3 | W92: 6 | X92: 7.3 | Y92: 1.8 | Z92: 0.4 | AA92: 1.1 | AB92: 1.8 | AC92: 2.5 | AD92: 16.6 | AE92: 1738 | AF92: 20.6 | AG92: 0.624 | AH92: 0.363 | AI92: 0.365 | AJ92: 5.8 | AK92: 27.4 | AL92: 16.4 | AM92: 11.7 | AN92: 0.9 | AO92: 3.7 | AP92: 11.9 | AQ92: 26.4 | AR92: 2.7 | AS92: 2.1 | AT92: 4.8 | AU92: 0.132 | AV92: 1.9 | AW92: -0.3 | AX92: 1.7 | AY92: 1.6 | AZ92: 3.25 | BA92: 0.22699559 | BB92: 0
A93: Kentavious Caldwell-Pope | B93: 14004703 | C93: SG | D93: 29 | E93: DEN | F93: 76 | G93: 76 | H93: 31.3 | I93: 3.8 | J93: 8.3 | K93: 0.462 | L93: 1.8 | M93: 4.2 | N93: 0.423 | O93: 2.1 | P93: 4.1 | Q93: 0.502 | R93: 0.569 | S93: 1.4 | T93: 1.6 | U93: 0.824 | V93: 0.5 | W93: 2.3 | X93: 2.7 | Y93: 2.4 | Z93: 1.5 | AA93: 0.5 | AB93: 1.1 | AC93: 1.9 | AD93: 10.8 | AE93: 2381 | AF93: 11.5 | AG93: 0.598 | AH93: 0.505 | AI93: 0.198 | AJ93: 1.7 | AK93: 8.1 | AL93: 5 | AM93: 9.8 | AN93: 2.3 | AO93: 1.3 | AP93: 11.1 | AQ93: 14.1 | AR93: 2 | AS93: 2.5 | AT93: 4.5 | AU93: 0.091 | AV93: -1.6 | AW93: 0.6 | AX93: -1 | AY93: 0.6 | AZ93: 1.75 | BA93: 0.12495802 | BB93: 0
A94: Brook Lopez | B94: 13906976 | C94: C | D94: 34 | E94: MIL | F94: 78 | G94: 78 | H94: 30.4 | I94: 6.1 | J94: 11.5 | K94: 0.531 | L94: 1.7 | M94: 4.7 | N94: 0.374 | O94: 4.4 | P94: 6.9 | Q94: 0.637 | R94: 0.606 | S94: 1.9 | T94: 2.4 | U94: 0.784 | V94: 2 | W94: 4.7 | X94: 6.7 | Y94: 1.3 | Z94: 0.5 | AA94: 2.5 | AB94: 1.4 | AC94: 2.6 | AD94: 15.9 | AE94: 2373 | AF94: 18.4 | AG94: 0.63 | AH94: 0.405 | AI94: 0.211 | AJ94: 7.2 | AK94: 15.3 | AL94: 11.4 | AM94: 6.1 | AN94: 0.7 | AO94: 6.7 | AP94: 9.8 | AQ94: 19.3 | AR94: 4.1 | AS94: 3.9 | AT94: 8 | AU94: 0.161 | AV94: 0.8 | AW94: 1.3 | AX94: 2.1 | AY94: 2.5 | AZ94: 5.05 | BA94: 0.36312711 | BB94: 0
A95: Patrick Beverley | B95: 13801614 | C95: PG | D95: 34 | E95: CHI | F95: 67 | G95: 67 | H95: 27.1 | I95: 2.1 | J95: 5.4 | K95: 0.4 | L95: 1.2 | M95: 3.6 | N95: 0.335 | O95: 1 | P95: 1.8 | Q95: 0.529 | R95: 0.511 | S95: 0.7 | T95: 1 | U95: 0.723 | V95: 0.7 | W95: 3 | X95: 3.7 | Y95: 2.9 | Z95: 0.9 | AA95: 0.6 | AB95: 0.9 | AC95: 2.8 | AD95: 6.2 | AE95: 1816 | AF95: 8.9 | AG95: 0.534 | AH95: 0.664 | AI95: 0.181 | AJ95: 2.7 | AK95: 12 | AL95: 7.5 | AM95: 13.3 | AN95: 1.7 | AO95: 2 | AP95: 13.4 | AQ95: 10.6 | AR95: 0.8 | AS95: 2.1 | AT95: 3 | AU95: 0.079 | AV95: -2.9 | AW95: 1.7 | AX95: -1.2 | AY95: 0.3 | AZ95: 0.9 | BA95: 0.065209765 | BB95: 0
A96: Luke Kennard | B96: 13745455 | C96: SG | D96: 26 | E96: MEM | F96: 59 | G96: 14 | H96: 22.3 | I96: 3.2 | J96: 6.5 | K96: 0.492 | L96: 2.3 | M96: 4.6 | N96: 0.494 | O96: 0.9 | P96: 1.9 | Q96: 0.487 | R96: 0.666 | S96: 0.6 | T96: 0.7 | U96: 0.949 | V96: 0.3 | W96: 2.4 | X96: 2.7 | Y96: 1.5 | Z96: 0.5 | AA96: 0.1 | AB96: 0.8 | AC96: 1.4 | AD96: 9.3 | AE96: 1315 | AF96: 13 | AG96: 0.684 | AH96: 0.704 | AI96: 0.102 | AJ96: 1.2 | AK96: 11.8 | AL96: 6.6 | AM96: 9.4 | AN96: 1.2 | AO96: 0.3 | AP96: 10.3 | AQ96: 14.5 | AR96: 2.2 | AS96: 1.2 | AT96: 3.4 | AU96: 0.124 | AV96: 0.6 | AW96: -0.1 | AX96: 0.5 | AY96: 0.8 | AZ96: 1.95 | BA96: 0.14186507 | BB96: 0
... A114: Monte Morris | B114: 9125000 | C114: PG | D114: 27 | E114: WAS | F114: 62 | G114: 61 | H114: 27.3 | I114: 4 | J114: 8.3 | K114: 0.48 | L114: 1.3 | M114: 3.3 | N114: 0.382 | O114: 2.7 | P114: 5 | Q114: 0.543 | R114: 0.555 | S114: 1 | T114: 1.2 | U114: 0.831 | V114: 0.4 | W114: 3 | X114: 3.4 | Y114: 5.3 | Z114: 0.7 | AA114: 0.2 | AB114: 1 | AC114: 1.2 | AD114: 10.3 | AE114: 1695 | AF114: 15 | AG114: 0.579 | AH114: 0.396 | AI114: 0.15 | AJ114: 1.8 | AK114: 11.6 | AL114: 6.9 | AM114: 26.4 | AN114: 1.2 | AO114: 0.6 | AP114: 9.9 | AQ114: 15.6 | AR114: 3.1 | AS114: 1.1 | AT114: 4.2 | AU114: 0.12 | AV114: 0.8 | AW114: -0.4 | AX114: 0.5 | AY114: 1.1 | AZ114: 2.35 | BA114: 0.25753425 | BB114: 0
A115: Mason Plumlee | B115: 9080417 | C115: C | D115: 32 | E115: CHA | F115: 79 | G115: 60 | H115: 26 | I115: 4.2 | J115: 6.1 | K115: 0.68 | L115: 0 | M115: 0 | O115: 4.2 | P115: 6.1 | Q115: 0.68 | R115: 0.68 | S115: 2.5 | T115: 4 | U115: 0.636 | V115: 2.9 | W115: 6 | X115: 8.9 | Y115: 3.1 | Z115: 0.6 | AA115: 0.6 | AB115: 1.5 | AC115: 2.7 | AD115: 10.8 | AE115: 2054 | AF115: 19.6 | AG115: 0.689 | AH115: 0 | AI115: 0.647 | AJ115: 11.8 | AK115: 25.1 | AL115: 18.4 | AM115: 17.3 | AN115: 1.1 | AO115: 2 | AP115: 15.8 | AQ115: 15.2 | AR115: 5.5 | AS115: 2.4 | AT115: 7.9 | AU115: 0.185 | AV115: 1.2 | AW115: 1 | AX115: 2.2 | AY115: 2.2 | AZ115: 5.05 | BA115: 0.55614186 | BB115: 0
A116: Alex Caruso | B116: 9030000 | C116: PG | D116: 28 | E116: CHI | F116: 67 | G116: 36 | H116: 23.5 | I116: 1.9 | J116: 4.3 | K116: 0.455 | L116: 0.8 | M116: 2.3 | N116: 0.364 | O116: 1.1 | P116: 2 | Q116: 0.556 | R116: 0.551 | S116: 0.9 | T116: 1.1 | U116: 0.808 | V116: 0.6 | W116: 2.3 | X116: 2.9 | Y116: 2.9 | Z116: 1.5 | AA116: 0.7 | AB116: 1.1 | AC116: 2.4 | AD116: 5.6 | AE116: 1575 | AF116: 11.5 | AG116: 0.588 | AH116: 0.528 | AI116: 0.255 | AJ116: 3.1 | AK116: 10.9 | AL116: 7.1 | AM116: 15.4 | AN116: 3 | AO116: 2.8 | AP116: 19.5 | AQ116: 11.1 | AR116: 1 | AS116: 2.6 | AT116: 3.6 | AU116: 0.109 | AV116: -2.2 | AW116: 3.3 | AX116: 1.1 | AY116: 1.2 | AZ116: 2.35 | BA116: 0.26024363 | BB116: 0
A117: Grayson Allen | B117: 8925000 | C117: SG | D117: 27 | E117: MIL | F117: 72 | G117: 70 | H117: 27.4 | I117: 3.4 | J117: 7.7 | K117: 0.44 | L117: 2 | M117: 5.1 | N117: 0.399 | O117: 1.4 | P117: 2.7 | Q117: 0.518 | R117: 0.571 | S117: 1.6 | T117: 1.8 | U117: 0.905 | V117: 0.8 | W117: 2.4 | X117: 3.3 | Y117: 2.3 | Z117: 0.9 | AA117: 0.2 | AB117: 1 | AC117: 1.6 | AD117: 10.4 | AE117: 1972 | AF117: 12.3 | AG117: 0.612 | AH117: 0.657 | AI117: 0.226 | AJ117: 3.4 | AK117: 9 | AL117: 6.3 | AM117: 10.9 | AN117: 1.5 | AO117: 0.6 | AP117: 10.5 | AQ117: 14.6 | AR117: 2.8 | AS117: 2.2 | AT117: 5.1 | AU117: 0.123 | AV117: -0.6 | AW117: 0.7 | AX117: 0.1 | AY117: 1 | AZ117: 2.6 | BA117: 0.29131653 | BB117: 0
A118: Darius Garland | B118: 8920794 | C118: PG | D118: 23 | E118: CLE | F118: 69 | G118: 69 | H118: 35.5 | I118: 7.6 | J118: 16.4 | K118: 0.462 | L118: 2.4 | M118: 6 | N118: 0.41 | O118: 5.1 | P118: 10.4 | Q118: 0.492 | R118: 0.537 | S118: 4 | T118: 4.7 | U118: 0.863 | V118: 0.4 | W118: 2.3 | X118: 2.7 | Y118: 7.8 | Z118: 1.2 | AA118: 0.1 | AB118: 2.9 | AC118: 2.1 | AD118: 21.6 | AE118: 2447 | AF118: 18.8 | AG118: 0.587 | AH118: 0.365 | AI118: 0.284 | AJ118: 1.3 | AK118: 7.6 | AL118: 4.5 | AM118: 34.1 | AN118: 1.7 | AO118: 0.3 | AP118: 13.5 | AQ118: 26.9 | AR118: 4.5 | AS118: 3 | AT118: 7.6 | AU118: 0.148 | AV118: 3.2 | AW118: -0.7 | AX118: 2.4 | AY118: 2.7 | AZ118: 5 | BA118: 0.56048823 | BB118: 0
A119: Isaiah Hartenstein | B119: 8854879 | C119: C | D119: 24 | E119: NYK | F119: 82 | G119: 8 | H119: 19.8 | I119: 2.1 | J119: 4 | K119: 0.535 | L119: 0.1 | M119: 0.5 | N119: 0.216 | O119: 2 | P119: 3.5 | Q119: 0.576 | R119: 0.547 | S119: 0.6 | T119: 0.9 | U119: 0.676 | V119: 2.5 | W119: 4 | X119: 6.5 | Y119: 1.2 | Z119: 0.6 | AA119: 0.8 | AB119: 0.8 | AC119: 2.6 | AD119: 5 | AE119: 1626 | AF119: 14.2 | AG119: 0.567 | AH119: 0.113 | AI119: 0.217 | AJ119: 14.1 | AK119: 22.2 | AL119: 18.1 | AM119: 8.3 | AN119: 1.6 | AO119: 3.7 | AP119: 15.6 | AQ119: 11.2 | AR119: 2.2 | AS119: 2.4 | AT119: 4.6 | AU119: 0.136 | AV119: -1.5 | AW119: 1.2 | AX119: -0.3 | AY119: 0.7 | AZ119: 2.15 | BA119: 0.242804 | BB119: 0
A120: Kyle Anderson | B120: 8780488 | C120: PF | D120: 29 | E120: MIN | F120: 69 | G120: 46 | H120: 28.4 | I120: 3.7 | J120: 7.2 | K120: 0.509 | L120: 0.6 | M120: 1.5 | N120: 0.41 | O120: 3 | P120: 5.7 | Q120: 0.536 | R120: 0.553 | S120: 1.4 | T120: 2 | U120: 0.735 | V120: 1 | W120: 4.4 | X120: 5.3 | Y120: 4.9 | Z120: 1.1 | AA120: 0.9 | AB120: 1.5 | AC120: 2.1 | AD120: 9.4 | AE120: 1957 | AF120: 14.8 | AG120: 0.583 | AH120: 0.212 | AI120: 0.275 | AJ120: 3.8 | AK120: 16.9 | AL120: 10.5 | AM120: 22.6 | AN120: 1.9 | AO120: 2.8 | AP120: 15.7 | AQ120: 14.4 | AR120: 2.5 | AS120: 2.6 | AT120: 5.1 | AU120: 0.125 | AV120: 0.2 | AW120: 2.3 | AX120: 2.5 | AY120: 2.2 | AZ120: 3.8 | BA120: 0.43277777 | BB120: 0
A121: LaMelo Ball | B121: 8623920 | C121: PG | D121: 21 | E121: CHA | F121: 36 | G121: 36 | H121: 35.2 | I121: 8.2 | J121: 20 | K121: 0.411 | L121: 4 | M121: 10.6 | N121: 0.376 | O121: 4.2 | P121: 9.4 | Q121: 0.45 | R121: 0.51 | S121: 2.8 | T121: 3.4 | U121: 0.836 | V121: 1.2 | W121: 5.3 | X121: 6.4 | Y121: 8.4 | Z121: 1.3 | AA121: 0.3 | AB121: 3.6 | AC121: 3.3 | AD121: 23.3 | AE121: 1268 | AF121: 17.9 | AG121: 0.541 | AH121: 0.531 | AI121: 0.169 | AJ121: 3.5 | AK121: 16.2 | AL121: 9.7 | AM121: 38.7 | AN121: 1.7 | AO121: 0.8 | AP121: 14.3 | AQ121: 30 | AR121: 0.6 | AS121: 1.2 | AT121: 1.8 | AU121: 0.068 | AV121: 3.2 | AW121: -0.8 | AX121: 2.4 | AY121: 1.4 | AZ121: 2.1 | BA121: 0.24350875 | BB121: 0
A122: De'Anthony Melton | B122: 8250000 | C122: SG | D122: 24 | E122: PHI | F122: 77 | G122: 58 | H122: 27.9 | I122: 3.6 | J122: 8.5 | K122: 0.425 | L122: 2 | M122: 5.2 | N122: 0.39 | O122: 1.6 | P122: 3.2 | Q122: 0.484 | R122: 0.546 | S122: 0.9 | T122: 1.1 | U122: 0.793 | V122: 0.9 | W122: 3.2 | X122: 4.1 | Y122: 2.6 | Z122: 1.6 | AA122: 0.5 | AB122: 1.3 | AC122: 2.5 | AD122: 10.1 | AE122: 2150 | AF122: 12.7 | AG122: 0.566 | AH122: 0.619 | AI122: 0.134 | AJ122: 3.9 | AK122: 13.1 | AL122: 8.6 | AM122: 12.9 | AN122: 2.9 | AO122: 1.8 | AP122: 12.9 | AQ122: 16.4 | AR122: 1.1 | AS122: 3.1 | AT122: 4.2 | AU122: 0.095 | AV122: -0.7 | AW122: 1.6 | AX122: 0.9 | AY122: 1.6 | AZ122: 2.55 | BA122: 0.30909091 | BB122: 0
A123: Keegan Murray | B123: 8008440 | C123: SF | D123: 22 | E123: SAC | F123: 80 | G123: 78 | H123: 29.8 | I123: 4.4 | J123: 9.8 | K123: 0.453 | L123: 2.6 | M123: 6.3 | N123: 0.411 | O123: 1.9 | P123: 3.5 | Q123: 0.527 | R123: 0.584 | S123: 0.8 | T123: 1 | U123: 0.765 | V123: 1.1 | W123: 3.5 | X123: 4.6 | Y123: 1.2 | Z123: 0.8 | AA123: 0.5 | AB123: 0.8 | AC123: 2 | AD123: 12.2 | AE123: 2382 | AF123: 12.3 | AG123: 0.597 | AH123: 0.641 | AI123: 0.104 | AJ123: 4.3 | AK123: 13.4 | AL123: 8.9 | AM123: 5.5 | AN123: 1.2 | AO123: 1.5 | AP123: 6.8 | AQ123: 15.8 | AR123: 2.6 | AS123: 1.7 | AT123: 4.3 | AU123: 0.087 | AV123: 0.4 | AW123: -1 | AX123: -0.6 | AY123: 0.8 | AZ123: 1.85 | BA123: 0.23100629 | BB123: 0
A124: Delon Wright | B124: 7804878 | C124: PG | D124: 30 | E124: WAS | F124: 50 | G124: 14 | H124: 24.4 | I124: 2.8 | J124: 5.8 | K124: 0.474 | L124: 0.8 | M124: 2.4 | N124: 0.345 | O124: 1.9 | P124: 3.4 | Q124: 0.564 | R124: 0.545 | S124: 1 | T124: 1.2 | U124: 0.867 | V124: 1.2 | W124: 2.4 | X124: 3.6 | Y124: 3.9 | Z124: 1.8 | AA124: 0.3 | AB124: 0.9 | AC124: 1.2 | AD124: 7.4 | AE124: 1221 | AF124: 16.3 | AG124: 0.581 | AH124: 0.409 | AI124: 0.206 | AJ124: 5.5 | AK124: 10.7 | AL124: 8.2 | AM124: 20.9 | AN124: 3.7 | AO124: 1.2 | AP124: 12.2 | AQ124: 12.9 | AR124: 2.1 | AS124: 1.6 | AT124: 3.7 | AU124: 0.146 | AV124: 0.4 | AW124: 3.1 | AX124: 3.4 | AY124: 1.7 | AZ124: 3.55 | BA124: 0.45484375 | BB124: 0
A125: Patrick Williams | B125: 7775400 | C125: PF | D125: 21 | E125: CHI | F125: 82 | G125: 65 | H125: 28.3 | I125: 3.8 | J125: 8.3 | K125: 0.464 | L125: 1.4 | M125: 3.4 | N125: 0.415 | O125: 2.4 | P125: 4.9 | Q125: 0.498 | R125: 0.549 | S125: 1.1 | T125: 1.3 | U125: 0.857 | V125: 1 | W125: 3 | X125: 4 | Y125: 1.2 | Z125: 0.9 | AA125: 0.9 | AB125: 1.2 | AC125: 1.8 | AD125: 10.2 | AE125: 2323 | AF125: 11.2 | AG125: 0.576 | AH125: 0.409 | AI125: 0.155 | AJ125: 3.9 | AK125: 12 | AL125: 8 | AM125: 5.8 | AN125: 1.5 | AO125: 2.9 | AP125: 12.3 | AQ125: 15.7 | AR125: 0.5 | AS125: 3 | AT125: 3.5 | AU125: 0.072 | AV125: -1.7 | AW125: 0.4 | AX125: -1.3 | AY125: 0.4 | AZ125: 1.1 | BA125: 0.14147182 | BB125: 0
A126: Scottie Barnes | B126: 7644600 | C126: SF | D126: 21 | E126: TOR | F126: 77 | G126: 76 | H126: 34.8 | I126: 6 | J126: 13.2 | K126: 0.456 | L126: 0.8 | M126: 2.9 | N126: 0.281 | O126: 5.2 | P126: 10.3 | Q126: 0.505 | R126: 0.487 | S126: 2.5 | T126: 3.2 | U126: 0.772 | V126: 2.3 | W126: 4.3 | X126: 6.6 | Y126: 4.8 | Z126: 1.1 | AA126: 0.8 | AB126: 2 | AC126: 2.2 | AD126: 15.3 | AE126: 2678 | AF126: 15.5 | AG126: 0.524 | AH126: 0.22 | AI126: 0.242 | AJ126: 7.1 | AK126: 15.2 | AL126: 10.8 | AM126: 20 | AN126: 1.5 | AO126: 2.2 | AP126: 12 | AQ126: 20.3 | AR126: 2.3 | AS126: 2.7 | AT126: 5 | AU126: 0.09 | AV126: 0.5 | AW126: -0.1 | AX126: 0.4 | AY126: 1.6 | AZ126: 2.7 | BA126: 0.35319049 | BB126: 0
A127: Cedi Osman | B127: 7426088 | C127: SF | D127: 27 | E127: CLE | F127: 77 | G127: 2 | H127: 20.1 | I127: 3.1 | J127: 6.9 | K127: 0.451 | L127: 1.5 | M127: 4.1 | N127: 0.372 | O127: 1.6 | P127: 2.8 | Q127: 0.564 | R127: 0.56 | S127: 1 | T127: 1.4 | U127: 0.694 | V127: 0.3 | W127: 2 | X127: 2.3 | Y127: 1.5 | Z127: 0.5 | AA127: 0.1 | AB127: 0.7 | AC127: 1.6 | AD127: 8.7 | AE127: 1548 | AF127: 12 | AG127: 0.579 | AH127: 0.589 | AI127: 0.204 | AJ127: 1.9 | AK127: 11.5 | AL127: 6.7 | AM127: 10.6 | AN127: 1.1 | AO127: 0.7 | AP127: 8.3 | AQ127: 18.2 | AR127: 1.4 | AS127: 1.9 | AT127: 3.3 | AU127: 0.103 | AV127: -0.8 | AW127: 0.2 | AX127: -0.7 | AY127: 0.5 | AZ127: 1.3 | BA127: 0.17505852 | BB127: 0
... A193: Anthony Lamb | B193: 694878 | C193: SF | D193: 25 | E193: GSW | F193: 62 | G193: 4 | H193: 19.3 | I193: 2.4 | J193: 5.1 | K193: 0.471 | L193: 1.2 | M193: 3.2 | N193: 0.367 | O193: 1.2 | P193: 1.9 | Q193: 0.652 | R193: 0.588 | S193: 0.7 | T193: 1 | U193: 0.767 | V193: 0.9 | W193: 2.6 | X193: 3.5 | Y193: 1.5 | Z193: 0.5 | AA193: 0.3 | AB193: 0.9 | AC193: 2.2 | AD193: 6.7 | AE193: 1195 | AF193: 10.9 | AG193: 0.61 | AH193: 0.634 | AI193: 0.191 | AJ193: 5.3 | AK193: 14.4 | AL193: 9.9 | AM193: 10.5 | AN193: 1.1 | AO193: 1.5 | AP193: 13.7 | AQ193: 13.8 | AR193: 1.2 | AS193: 1.2 | AT193: 2.4 | AU193: 0.096 | AV193: -1.6 | AW193: 0.4 | AX193: -1.1 | AY193: 0.3 | AZ193: 0.65 | BA193: 0.935416 | BB193: 0

Sheet IP_RosterModel
A1: Player Name | B1: Salary | C1: Position | D1: Age | E1: Team | F1: GP | G1: GS | H1: MP | I1: FG | J1: FGA | K1: FG% | L1: 3P | M1: 3PA | N1: 3P% | O1: 2P | P1: 2PA | Q1: 2P% | R1: eFG% | S1: FT | T1: FTA | U1: FT% | V1: ORB | W1: DRB | X1: TRB | Y1: AST | Z1: STL | AA1: BLK | AB1: TOV | AC1: PF | AD1: PTS | AE1: Total Minutes | AF1: PER | AG1: TS% | AH1: 3PAr | AI1: FTr | AJ1: ORB% | AK1: DRB% | AL1: TRB% | AM1: AST% | AN1: STL% | AO1: BLK% | AP1: TOV% | AQ1: USG% | AR1: OWS | AS1: DWS | AT1: WS | AU1: WS/48 | AV1: OBPM | AW1: DBPM | AX1: BPM | AY1: VORP | AZ1: Score | BA1: Score_per_$M | BB1: Decision Variable | BD1: Total Score | BE1: Total Salary | BF1: Total Players | BG1: PG_Count | BH1: SG_Count | BI1: SF_Count | BJ1: PF_Count | BK1: C_Count | BL1: Cap | BM1: Roster Size
A2: Luka Doncic | B2: 37096500 | C2: PG | AT2: 12.1 | AX2: 8.2 | AZ2: 10.15 | BA2: 0.27361072 | BB2: 1 | BD2: =SUMPRODUCT(AZ2:AZ193, BB2:BB193) -> 67.75 | BE2: =SUMPRODUCT(B2:B193, BB2:BB193) -> 150708297 | BF2: =SUM(BB2:BB193) -> 12 | BG2: {=SUMPRODUCT(BB2:BB193, --(C2:C193="PG"))} -> 2 | BH2: {=SUMPRODUCT(BB2:BB193, --(C2:C193="SG"))} -> 3 | BI2: {=SUMPRODUCT(BB2:BB193, --(C2:C193="SF"))} -> 2 | BJ2: {=SUMPRODUCT(BB2:BB193, --(C2:C193="PF"))} -> 2 | BK2: {=SUMPRODUCT(BB2:BB193, --(C2:C193="C"))} -> 3 | BL2: =154000000 -> 154000000 | BM2: 12
A3: Domantas Sabonis | B3: 21100000 | C3: C | D3: 26 | E3: SAC | F3: 79 | G3: 79 | H3: 34.6 | I3: 7.3 | J3: 11.9 | K3: 0.615 | L3: 0.4 | M3: 1.1 | N3: 0.373 | O3: 6.9 | P3: 10.8 | Q3: 0.639 | R3: 0.632 | S3: 4.1 | T3: 5.5 | U3: 0.742 | V3: 3.2 | W3: 9.1 | X3: 12.3 | Y3: 7.3 | Z3: 0.8 | AA3: 0.5 | AB3: 2.9 | AC3: 3.5 | AD3: 19.1 | AE3: 2736 | AF3: 23.5 | AG3: 0.668 | AH3: 0.088 | AI3: 0.467 | AJ3: 10.6 | AK3: 30 | AL3: 20.3 | AM3: 30.4 | AN3: 1.1 | AO3: 1.2 | AP3: 16.9 | AQ3: 21.3 | AR3: 9.6 | AS3: 3 | AT3: 12.6 | AU3: 0.221 | AV3: 4.1 | AW3: 1.8 | AX3: 5.8 | AY3: 5.4 | AZ3: 9.2 | BA3: 0.43601896 | BB3: 1 | BL3: BB193 | BM3: = | BN3: 1 | BO3: Luka
A4: Tyrese Haliburton | B4: 4215120 | C4: PG | D4: 22 | E4: IND | F4: 56 | G4: 56 | H4: 33.6 | I4: 7.4 | J4: 15 | K4: 0.49 | L4: 2.9 | M4: 7.2 | N4: 0.4 | O4: 4.5 | P4: 7.8 | Q4: 0.572 | R4: 0.586 | S4: 3.1 | T4: 3.6 | U4: 0.871 | V4: 0.6 | W4: 3.1 | X4: 3.7 | Y4: 10.4 | Z4: 1.6 | AA4: 0.4 | AB4: 2.5 | AC4: 1.2 | AD4: 20.7 | AE4: 1883 | AF4: 23.6 | AG4: 0.624 | AH4: 0.478 | AI4: 0.239 | AJ4: 1.9 | AK4: 10.1 | AL4: 6 | AM4: 47.6 | AN4: 2.3 | AO4: 1.1 | AP4: 13.2 | AQ4: 23.8 | AR4: 6.4 | AS4: 1.2 | AT4: 7.6 | AU4: 0.195 | AV4: 7 | AW4: 0.2 | AX4: 7.2 | AY4: 4.4 | AZ4: 7.4 | BA4: 1.7555847 | BB4: 1 | BL4: BB26 | BM4: = | BN4: 1 | BO4: Kyrie
A5: Lauri Markkanen | B5: 16475454 | C5: PF | D5: 25 | E5: UTA | F5: 66 | G5: 66 | H5: 34.4 | I5: 8.7 | J5: 17.3 | K5: 0.499 | L5: 3 | M5: 7.7 | N5: 0.391 | O5: 5.6 | P5: 9.6 | Q5: 0.585 | R5: 0.586 | S5: 5.3 | T5: 6 | U5: 0.875 | V5: 2 | W5: 6.7 | X5: 8.6 | Y5: 1.9 | Z5: 0.6 | AA5: 0.6 | AB5: 1.9 | AC5: 2.1 | AD5: 25.6 | AE5: 2273 | AF5: 22.1 | AG5: 0.64 | AH5: 0.446 | AI5: 0.348 | AJ5: 6.3 | AK5: 20.7 | AL5: 13.6 | AM5: 8.6 | AN5: 0.9 | AO5: 1.4 | AP5: 8.8 | AQ5: 26.6 | AR5: 6.3 | AS5: 1.9 | AT5: 8.2 | AU5: 0.173 | AV5: 4.9 | AW5: -1 | AX5: 3.8 | AY5: 3.3 | AZ5: 6 | BA5: 0.36417813 | BB5: 1
A6: Kyrie Irving | B6: 38917057 | C6: SG | D6: 30 | E6: DAL | F6: 60 | G6: 60 | H6: 37.4 | I6: 9.9 | J6: 20.1 | K6: 0.494 | L6: 3.1 | M6: 8.3 | N6: 0.379 | O6: 6.8 | P6: 11.8 | Q6: 0.574 | R6: 0.572 | S6: 4.1 | T6: 4.6 | U6: 0.905 | V6: 1 | W6: 4.1 | X6: 5.1 | Y6: 5.5 | Z6: 1.1 | AA6: 0.8 | AB6: 2.1 | AC6: 2.8 | AD6: 27.1 | AE6: 2241 | AF6: 22.4 | AG6: 0.613 | AH6: 0.412 | AI6: 0.227 | AJ6: 3 | AK6: 12.3 | AL6: 7.7 | AM6: 25.4 | AN6: 1.4 | AO6: 1.7 | AP6: 8.8 | AQ6: 28.9 | AR6: 5.4 | AS6: 2 | AT6: 7.4 | AU6: 0.159 | AV6: 4.8 | AW6: -0.7 | AX6: 4.1 | AY6: 3.5 | AZ6: 5.75 | BA6: 0.14775012 | BB6: 1
A7: Kevon Looney | B7: 8000000 | C7: C | D7: 26 | E7: GSW | F7: 82 | G7: 70 | H7: 23.9 | I7: 3 | J7: 4.7 | K7: 0.63 | L7: 0 | M7: 0 | N7: 0 | O7: 3 | P7: 4.7 | Q7: 0.632 | R7: 0.63 | S7: 1.1 | T7: 1.9 | U7: 0.606 | V7: 3.3 | W7: 5.9 | X7: 9.3 | Y7: 2.5 | Z7: 0.6 | AA7: 0.6 | AB7: 0.5 | AC7: 2.7 | AD7: 7 | AE7: 1958 | AF7: 17.8 | AG7: 0.639 | AH7: 0.003 | AI7: 0.404 | AJ7: 15.7 | AK7: 26.8 | AL7: 21.4 | AM7: 13.8 | AN7: 1.3 | AO7: 2.2 | AP7: 9.1 | AQ7: 10.6 | AR7: 5.9 | AS7: 2.8 | AT7: 8.7 | AU7: 0.212 | AV7: 0.9 | AW7: 1.3 | AX7: 2.1 | AY7: 2 | AZ7: 5.4 | BA7: 0.675 | BB7: 1
A8: Evan Mobley | B8: 8478720 | C8: PF | D8: 21 | E8: CLE | F8: 79 | G8: 79 | H8: 34.4 | I8: 6.6 | J8: 12 | K8: 0.554 | L8: 0.3 | M8: 1.3 | N8: 0.216 | O8: 6.4 | P8: 10.7 | Q8: 0.595 | R8: 0.566 | S8: 2.6 | T8: 3.8 | U8: 0.674 | V8: 2.4 | W8: 6.6 | X8: 9 | Y8: 2.8 | Z8: 0.8 | AA8: 1.5 | AB8: 1.8 | AC8: 2.8 | AD8: 16.2 | AE8: 2715 | AF8: 17.9 | AG8: 0.591 | AH8: 0.108 | AI8: 0.321 | AJ8: 8.1 | AK8: 22.7 | AL8: 15.4 | AM8: 12.4 | AN8: 1.1 | AO8: 4 | AP8: 11.9 | AQ8: 20.2 | AR8: 3.7 | AS8: 4.8 | AT8: 8.5 | AU8: 0.151 | AV8: 0 | AW8: 1.6 | AX8: 1.7 | AY8: 2.5 | AZ8: 5.1 | BA8: 0.60150589 | BB8: 1
A9: Walker Kessler | B9: 2696400 | C9: C | D9: 21 | E9: UTA | F9: 74 | G9: 40 | H9: 23 | I9: 4 | J9: 5.6 | K9: 0.72 | L9: 0 | M9: 0 | N9: 0.333 | O9: 4 | P9: 5.6 | Q9: 0.723 | R9: 0.721 | S9: 1.1 | T9: 2.1 | U9: 0.516 | V9: 3.1 | W9: 5.3 | X9: 8.4 | Y9: 0.9 | Z9: 0.4 | AA9: 2.3 | AB9: 0.8 | AC9: 2.3 | AD9: 9.2 | AE9: 1703 | AF9: 21.5 | AG9: 0.702 | AH9: 0.007 | AI9: 0.384 | AJ9: 14.9 | AK9: 24.4 | AL9: 19.7 | AM9: 5.7 | AN9: 0.7 | AO9: 8.6 | AP9: 10.7 | AQ9: 13.3 | AR9: 4.6 | AS9: 2.5 | AT9: 7.1 | AU9: 0.2 | AV9: 1.4 | AW9: 1.5 | AX9: 2.9 | AY9: 2.1 | AZ9: 5 | BA9: 1.8543243 | BB9: 1
A10: Desmond Bane | B10: 2130240 | C10: SG | D10: 24 | E10: MEM | F10: 58 | G10: 58 | H10: 31.7 | I10: 7.8 | J10: 16.2 | K10: 0.479 | L10: 2.9 | M10: 7 | N10: 0.408 | O10: 4.9 | P10: 9.2 | Q10: 0.534 | R10: 0.568 | S10: 3.1 | T10: 3.5 | U10: 0.883 | V10: 0.7 | W10: 4.3 | X10: 5 | Y10: 4.4 | Z10: 1 | AA10: 0.4 | AB10: 2.2 | AC10: 2.6 | AD10: 21.5 | AE10: 1841 | AF10: 19.1 | AG10: 0.606 | AH10: 0.433 | AI10: 0.218 | AJ10: 2.5 | AK10: 14.3 | AL10: 8.4 | AM10: 20.8 | AN10: 1.4 | AO10: 1.1 | AP10: 10.9 | AQ10: 26.1 | AR10: 3.5 | AS10: 2.3 | AT10: 5.8 | AU10: 0.151 | AV10: 3.3 | AW10: 0.1 | AX10: 3.5 | AY10: 2.5 | AZ10: 4.65 | BA10: 2.1828526 | BB10: 1
A11: Immanuel Quickley | B11: 2316240 | C11: SG | D11: 23 | E11: NYK | F11: 81 | G11: 21 | H11: 28.9 | I11: 5.2 | J11: 11.6 | K11: 0.448 | L11: 2.1 | M11: 5.6 | N11: 0.37 | O11: 3.1 | P11: 6 | Q11: 0.521 | R11: 0.537 | S11: 2.5 | T11: 3.1 | U11: 0.819 | V11: 0.7 | W11: 3.4 | X11: 4.2 | Y11: 3.4 | Z11: 1 | AA11: 0.2 | AB11: 1.2 | AC11: 2 | AD11: 14.9 | AE11: 2344 | AF11: 16.3 | AG11: 0.578 | AH11: 0.485 | AI11: 0.265 | AJ11: 2.7 | AK11: 13.1 | AL11: 7.9 | AM11: 17.4 | AN11: 1.7 | AO11: 0.6 | AP11: 8.7 | AQ11: 20.9 | AR11: 4.4 | AS11: 2.3 | AT11: 6.7 | AU11: 0.137 | AV11: 1.3 | AW11: 0.4 | AX11: 1.7 | AY11: 2.1 | AZ11: 4.2 | BA11: 1.8132836 | BB11: 1
A12: Scottie Barnes | B12: 7644600 | C12: SF | D12: 21 | E12: TOR | F12: 77 | G12: 76 | H12: 34.8 | I12: 6 | J12: 13.2 | K12: 0.456 | L12: 0.8 | M12: 2.9 | N12: 0.281 | O12: 5.2 | P12: 10.3 | Q12: 0.505 | R12: 0.487 | S12: 2.5 | T12: 3.2 | U12: 0.772 | V12: 2.3 | W12: 4.3 | X12: 6.6 | Y12: 4.8 | Z12: 1.1 | AA12: 0.8 | AB12: 2 | AC12: 2.2 | AD12: 15.3 | AE12: 2678 | AF12: 15.5 | AG12: 0.524 | AH12: 0.22 | AI12: 0.242 | AJ12: 7.1 | AK12: 15.2 | AL12: 10.8 | AM12: 20 | AN12: 1.5 | AO12: 2.2 | AP12: 12 | AQ12: 20.3 | AR12: 2.3 | AS12: 2.7 | AT12: 5 | AU12: 0.09 | AV12: 0.5 | AW12: -0.1 | AX12: 0.4 | AY12: 1.6 | AZ12: 2.7 | BA12: 0.35319049 | BB12: 1
A13: Sam Hauser | B13: 1637966 | C13: SF | D13: 25 | E13: BOS | F13: 80 | G13: 8 | H13: 16.1 | I13: 2.3 | J13: 5 | K13: 0.455 | L13: 1.8 | M13: 4.2 | N13: 0.418 | O13: 0.5 | P13: 0.8 | Q13: 0.656 | R13: 0.631 | S13: 0.2 | T13: 0.2 | U13: 0.706 | V13: 0.4 | W13: 2.1 | X13: 2.6 | Y13: 0.9 | Z13: 0.4 | AA13: 0.3 | AB13: 0.4 | AC13: 1.2 | AD13: 6.4 | AE13: 1290 | AF13: 12.7 | AG13: 0.634 | AH13: 0.846 | AI13: 0.043 | AJ13: 3 | AK13: 14.1 | AL13: 8.6 | AM13: 7.6 | AN13: 1.1 | AO13: 1.4 | AP13: 6.9 | AQ13: 14.7 | AR13: 1.8 | AS13: 1.6 | AT13: 3.4 | AU13: 0.128 | AV13: 0.6 | AW13: 0.4 | AX13: 1 | AY13: 1 | AZ13: 2.2 | BA13: 1.3431292 | BB13: 1
A14: Joel Embiid | B14: 33616770 | C14: C | D14: 28 | E14: PHI | F14: 66 | G14: 66 | H14: 34.6 | I14: 11 | J14: 20.1 | K14: 0.548 | L14: 1 | M14: 3 | N14: 0.33 | O14: 10 | P14: 17.1 | Q14: 0.587 | R14: 0.573 | S14: 10 | T14: 11.7 | U14: 0.857 | V14: 1.7 | W14: 8.4 | X14: 10.2 | Y14: 4.2 | Z14: 1 | AA14: 1.7 | AB14: 3.4 | AC14: 3.1 | AD14: 33.1 | AE14: 2284 | AF14: 31.4 | AG14: 0.655 | AH14: 0.151 | AI14: 0.581 | AJ14: 5.9 | AK14: 28.3 | AL14: 17.3 | AM14: 22.9 | AN14: 1.4 | AO14: 4.6 | AP14: 11.9 | AQ14: 37 | AR14: 8.4 | AS14: 3.9 | AT14: 12.3 | AU14: 0.259 | AV14: 6.8 | AW14: 2.3 | AX14: 9.2 | AY14: 6.4 | AZ14: 10.75 | BA14: 0.31978087 | BB14: 0
A15: Jimmy Butler | B15: 37653300 | C15: PF | D15: 33 | E15: MIA | F15: 64 | G15: 64 | H15: 33.4 | I15: 7.5 | J15: 13.9 | K15: 0.539 | L15: 0.6 | M15: 1.6 | N15: 0.35 | O15: 6.9 | P15: 12.3 | Q15: 0.564 | R15: 0.56 | S15: 7.4 | T15: 8.7 | U15: 0.85 | V15: 2.2 | W15: 3.7 | X15: 5.9 | Y15: 5.3 | Z15: 1.8 | AA15: 0.3 | AB15: 1.6 | AC15: 1.3 | AD15: 22.9 | AE15: 2138 | AF15: 27.6 | AG15: 0.647 | AH15: 0.116 | AI15: 0.625 | AJ15: 7.5 | AK15: 13.3 | AL15: 10.3 | AM15: 27.1 | AN15: 2.7 | AO15: 1 | AP15: 8.2 | AQ15: 25.6 | AR15: 9.4 | AS15: 2.9 | AT15: 12.3 | AU15: 0.277 | AV15: 6.7 | AW15: 2 | AX15: 8.7 | AY15: 5.8 | AZ15: 10.5 | BA15: 0.27886002 | BB15: 0
A16: Shai Gilgeous-Alexander | B16: 30913750 | C16: PG | D16: 24 | E16: OKC | F16: 68 | G16: 68 | H16: 35.5 | I16: 10.4 | J16: 20.3 | K16: 0.51 | L16: 0.9 | M16: 2.5 | N16: 0.345 | O16: 9.5 | P16: 17.8 | Q16: 0.533 | R16: 0.531 | S16: 9.8 | T16: 10.9 | U16: 0.905 | V16: 0.9 | W16: 4 | X16: 4.8 | Y16: 5.5 | Z16: 1.6 | AA16: 1 | AB16: 2.8 | AC16: 2.8 | AD16: 31.4 | AE16: 2416 | AF16: 27.2 | AG16: 0.626 | AH16: 0.122 | AI16: 0.535 | AJ16: 2.6 | AK16: 12.2 | AL16: 7.3 | AM16: 25.7 | AN16: 2.2 | AO16: 2.5 | AP16: 10.1 | AQ16: 32.8 | AR16: 8.4 | AS16: 3 | AT16: 11.4 | AU16: 0.226 | AV16: 5.7 | AW16: 1.5 | AX16: 7.3 | AY16: 5.6 | AZ16: 9.35 | BA16: 0.30245441 | BB16: 0
... A33: Devin Booker | B33: 33833400 | C33: SG | D33: 26 | E33: PHO | F33: 53 | G33: 53 | H33: 34.6 | I33: 9.9 | J33: 20.1 | K33: 0.494 | L33: 2.1 | M33: 6 | N33: 0.351 | O33: 7.8 | P33: 14.2 | Q33: 0.554 | R33: 0.546 | S33: 5.8 | T33: 6.8 | U33: 0.855 | V33: 0.9 | W33: 3.7 | X33: 4.5 | Y33: 5.5 | Z33: 1 | AA33: 0.3 | AB33: 2.7 | AC33: 3 | AD33: 27.8 | AE33: 1835 | AF33: 22 | AG33: 0.601 | AH33: 0.296 | AI33: 0.336 | AJ33: 2.7 | AK33: 12 | AL33: 7.2 | AM33: 27.3 | AN33: 1.4 | AO33: 0.9 | AP33: 10.6 | AQ33: 31.8 | AR33: 4.2 | AS33: 1.9 | AT33: 6 | AU33: 0.157 | AV33: 4.5 | AW33: -0.3 | AX33: 4.2 | AY33: 2.9 | AZ33: 5.1 | BA33: 0.15073862 | BB33: 0
A34: Mason Plumlee | B34: 9080417 | C34: C | D34: 32 | E34: CHA | F34: 79 | G34: 60 | H34: 26 | I34: 4.2 | J34: 6.1 | K34: 0.68 | L34: 0 | M34: 0 | O34: 4.2 | P34: 6.1 | Q34: 0.68 | R34: 0.68 | S34: 2.5 | T34: 4 | U34: 0.636 | V34: 2.9 | W34: 6 | X34: 8.9 | Y34: 3.1 | Z34: 0.6 | AA34: 0.6 | AB34: 1.5 | AC34: 2.7 | AD34: 10.8 | AE34: 2054 | AF34: 19.6 | AG34: 0.689 | AH34: 0 | AI34: 0.647 | AJ34: 11.8 | AK34: 25.1 | AL34: 18.4 | AM34: 17.3 | AN34: 1.1 | AO34: 2 | AP34: 15.8 | AQ34: 15.2 | AR34: 5.5 | AS34: 2.4 | AT34: 7.9 | AU34: 0.185 | AV34: 1.2 | AW34: 1 | AX34: 2.2 | AY34: 2.2 | AZ34: 5.05 | BA34: 0.55614186 | BB34: 0
A35: Brook Lopez | B35: 13906976 | C35: C | D35: 34 | E35: MIL | F35: 78 | G35: 78 | H35: 30.4 | I35: 6.1 | J35: 11.5 | K35: 0.531 | L35: 1.7 | M35: 4.7 | N35: 0.374 | O35: 4.4 | P35: 6.9 | Q35: 0.637 | R35: 0.606 | S35: 1.9 | T35: 2.4 | U35: 0.784 | V35: 2 | W35: 4.7 | X35: 6.7 | Y35: 1.3 | Z35: 0.5 | AA35: 2.5 | AB35: 1.4 | AC35: 2.6 | AD35: 15.9 | AE35: 2373 | AF35: 18.4 | AG35: 0.63 | AH35: 0.405 | AI35: 0.211 | AJ35: 7.2 | AK35: 15.3 | AL35: 11.4 | AM35: 6.1 | AN35: 0.7 | AO35: 6.7 | AP35: 9.8 | AQ35: 19.3 | AR35: 4.1 | AS35: 3.9 | AT35: 8 | AU35: 0.161 | AV35: 0.8 | AW35: 1.3 | AX35: 2.1 | AY35: 2.5 | AZ35: 5.05 | BA35: 0.36312711 | BB35: 0
A36: Trae Young | B36: 37096500 | C36: PG | D36: 24 | E36: ATL | F36: 73 | G36: 73 | H36: 34.8 | I36: 8.2 | J36: 19 | K36: 0.429 | L36: 2.1 | M36: 6.3 | N36: 0.335 | O36: 6.1 | P36: 12.7 | Q36: 0.476 | R36: 0.485 | S36: 7.8 | T36: 8.8 | U36: 0.886 | V36: 0.8 | W36: 2.2 | X36: 3 | Y36: 10.2 | Z36: 1.1 | AA36: 0.1 | AB36: 4.1 | AC36: 1.4 | AD36: 26.2 | AE36: 2541 | AF36: 22 | AG36: 0.573 | AH36: 0.331 | AI36: 0.46 | AJ36: 2.4 | AK36: 7 | AL36: 4.7 | AM36: 42.5 | AN36: 1.5 | AO36: 0.3 | AP36: 15.2 | AQ36: 32.6 | AR36: 5.3 | AS36: 1.4 | AT36: 6.7 | AU36: 0.126 | AV36: 5.3 | AW36: -2 | AX36: 3.3 | AY36: 3.4 | AZ36: 5 | BA36: 0.1347836 | BB36: 0
A37: Darius Garland | B37: 8920794 | C37: PG | D37: 23 | E37: CLE | F37: 69 | G37: 69 | H37: 35.5 | I37: 7.6 | J37: 16.4 | K37: 0.462 | L37: 2.4 | M37: 6 | N37: 0.41 | O37: 5.1 | P37: 10.4 | Q37: 0.492 | R37: 0.537 | S37: 4 | T37: 4.7 | U37: 0.863 | V37: 0.4 | W37: 2.3 | X37: 2.7 | Y37: 7.8 | Z37: 1.2 | AA37: 0.1 | AB37: 2.9 | AC37: 2.1 | AD37: 21.6 | AE37: 2447 | AF37: 18.8 | AG37: 0.587 | AH37: 0.365 | AI37: 0.284 | AJ37: 1.3 | AK37: 7.6 | AL37: 4.5 | AM37: 34.1 | AN37: 1.7 | AO37: 0.3 | AP37: 13.5 | AQ37: 26.9 | AR37: 4.5 | AS37: 3 | AT37: 7.6 | AU37: 0.148 | AV37: 3.2 | AW37: -0.7 | AX37: 2.4 | AY37: 2.7 | AZ37: 5 | BA37: 0.56048823 | BB37: 0
A38: De'Aaron Fox | B38: 30351780 | C38: PG | D38: 25 | E38: SAC | F38: 73 | G38: 73 | H38: 33.4 | I38: 9.3 | J38: 18.2 | K38: 0.512 | L38: 1.6 | M38: 5 | N38: 0.324 | O38: 7.7 | P38: 13.2 | Q38: 0.584 | R38: 0.557 | S38: 4.7 | T38: 6 | U38: 0.78 | V38: 0.5 | W38: 3.6 | X38: 4.2 | Y38: 6.1 | Z38: 1.1 | AA38: 0.3 | AB38: 2.5 | AC38: 2.4 | AD38: 25 | AE38: 2435 | AF38: 21.8 | AG38: 0.599 | AH38: 0.276 | AI38: 0.331 | AJ38: 1.9 | AK38: 12.4 | AL38: 7.2 | AM38: 29.6 | AN38: 1.6 | AO38: 0.8 | AP38: 10.6 | AQ38: 30.1 | AR38: 5.5 | AS38: 1.8 | AT38: 7.4 | AU38: 0.146 | AV38: 3.4 | AW38: -0.9 | AX38: 2.5 | AY38: 2.7 | AZ38: 4.95 | BA38: 0.16308763 | BB38: 0
A39: Jrue Holiday | B39: 34319520 | C39: PG | D39: 32 | E39: MIL | F39: 67 | G39: 65 | H39: 32.6 | I39: 7.3 | J39: 15.3 | K39: 0.479 | L39: 2.4 | M39: 6.1 | N39: 0.384 | O39: 5 | P39: 9.1 | Q39: 0.542 | R39: 0.556 | S39: 2.3 | T39: 2.6 | U39: 0.859 | V39: 1.2 | W39: 3.9 | X39: 5.1 | Y39: 7.4 | Z39: 1.2 | AA39: 0.4 | AB39: 2.9 | AC39: 1.7 | AD39: 19.3 | AE39: 2183 | AF39: 19.2 | AG39: 0.586 | AH39: 0.402 | AI39: 0.173 | AJ39: 3.9 | AK39: 12 | AL39: 8.1 | AM39: 34.4 | AN39: 1.7 | AO39: 0.9 | AP39: 15.2 | AQ39: 25 | AR39: 3.9 | AS39: 2.8 | AT39: 6.7 | AU39: 0.148 | AV39: 3 | AW39: 0.1 | AX39: 3.1 | AY39: 2.8 | AZ39: 4.9 | BA39: 0.14277589 | BB39: 0
A40: Derrick White | B40: 17142857 | C40: SG | D40: 28 | E40: BOS | F40: 82 | G40: 70 | H40: 28.3 | I40: 4.3 | J40: 9.2 | K40: 0.462 | L40: 1.8 | M40: 4.8 | N40: 0.381 | O40: 2.5 | P40: 4.5 | Q40: 0.548 | R40: 0.56 | S40: 2 | T40: 2.3 | U40: 0.875 | V40: 0.6 | W40: 2.9 | X40: 3.6 | Y40: 3.9 | Z40: 0.7 | AA40: 0.9 | AB40: 1.2 | AC40: 2.2 | AD40: 12.4 | AE40: 2319 | AF40: 15.4 | AG40: 0.604 | AH40: 0.516 | AI40: 0.253 | AJ40: 2.5 | AK40: 11.2 | AL40: 6.9 | AM40: 19.4 | AN40: 1.1 | AO40: 2.8 | AP40: 10.1 | AQ40: 17.7 | AR40: 4.4 | AS40: 3.1 | AT40: 7.4 | AU40: 0.154 | AV40: 1.1 | AW40: 1.3 | AX40: 2.4 | AY40: 2.6 | AZ40: 4.9 | BA40: 0.28583334 | BB40: 0
A41: Al Horford | B41: 26500000 | C41: C | D41: 36 | E41: BOS | F41: 63 | G41: 63 | H41: 30.5 | I41: 3.6 | J41: 7.6 | K41: 0.476 | L41: 2.3 | M41: 5.2 | N41: 0.446 | O41: 1.3 | P41: 2.4 | Q41: 0.539 | R41: 0.627 | S41: 0.2 | T41: 0.3 | U41: 0.714 | V41: 1.2 | W41: 5 | X41: 6.2 | Y41: 3 | Z41: 0.5 | AA41: 1 | AB41: 0.6 | AC41: 1.9 | AD41: 9.8 | AE41: 1922 | AF41: 13.8 | AG41: 0.631 | AH41: 0.678 | AI41: 0.044 | AJ41: 4.2 | AK41: 17.7 | AL41: 11.1 | AM41: 13.2 | AN41: 0.8 | AO41: 2.7 | AP41: 7 | AQ41: 11.9 | AR41: 3.6 | AS41: 2.7 | AT41: 6.3 | AU41: 0.157 | AV41: 1.6 | AW41: 1.7 | AX41: 3.3 | AY41: 2.5 | AZ41: 4.8 | BA41: 0.18113208 | BB41: 0
A42: Chris Paul | B42: 28400000 | C42: PG | D42: 37 | E42: PHO | F42: 59 | G42: 59 | H42: 32 | I42: 5 | J42: 11.3 | K42: 0.44 | L42: 1.7 | M42: 4.4 | N42: 0.375 | O42: 3.3 | P42: 6.9 | Q42: 0.482 | R42: 0.513 | S42: 2.3 | T42: 2.7 | U42: 0.831 | V42: 0.5 | W42: 3.8 | X42: 4.3 | Y42: 8.9 | Z42: 1.5 | AA42: 0.4 | AB42: 1.9 | AC42: 2.1 | AD42: 13.9 | AE42: 1889 | AF42: 17.7 | AG42: 0.555 | AH42: 0.391 | AI42: 0.24 | AJ42: 1.6 | AK42: 13.4 | AL42: 7.4 | AM42: 38.7 | AN42: 2.4 | AO42: 1 | AP42: 13.4 | AQ42: 19.2 | AR42: 3.7 | AS42: 2.5 | AT42: 6.2 | AU42: 0.156 | AV42: 2 | AW42: 1.2 | AX42: 3.2 | AY42: 2.5 | AZ42: 4.7 | BA42: 0.16549296 | BB42: 0
A43: Clint Capela | B43: 18206896 | C43: C | D43: 28 | E43: ATL | F43: 65 | G43: 63 | H43: 26.6 | I43: 5.4 | J43: 8.2 | K43: 0.653 | L43: 0 | M43: 0 | N43: 0 | O43: 5.4 | P43: 8.2 | Q43: 0.654 | R43: 0.653 | S43: 1.2 | T43: 2 | U43: 0.603 | V43: 4 | W43: 7.1 | X43: 11 | Y43: 0.9 | Z43: 0.7 | AA43: 1.2 | AB43: 0.8 | AC43: 2.1 | AD43: 12 | AE43: 1730 | AF43: 22.1 | AG43: 0.656 | AH43: 0.002 | AI43: 0.244 | AJ43: 16.1 | AK43: 29.4 | AL43: 22.7 | AM43: 4.7 | AN43: 1.2 | AO43: 3.9 | AP43: 8.3 | AQ43: 15.7 | AR43: 4.9 | AS43: 2.4 | AT43: 7.2 | AU43: 0.201 | AV43: 2.3 | AW43: -0.1 | AX43: 2.2 | AY43: 1.8 | AZ43: 4.7 | BA43: 0.25814395 | BB43: 0
A44: Mikal Bridges | B44: 20100000 | C44: SG | D44: 26 | E44: PHO | F44: 83 | G44: 83 | H44: 35.7 | I44: 7.1 | J44: 15.3 | K44: 0.468 | L44: 2 | M44: 5.3 | N44: 0.382 | O44: 5.1 | P44: 9.9 | Q44: 0.514 | R44: 0.535 | S44: 3.8 | T44: 4.3 | U44: 0.895 | V44: 1 | W44: 3.4 | X44: 4.4 | Y44: 3.3 | Z44: 1.1 | AA44: 0.7 | AB44: 1.5 | AC44: 1.9 | AD44: 20.1 | AE44: 2963 | AF44: 16.8 | AG44: 0.587 | AH44: 0.349 | AI44: 0.279 | AJ44: 2.9 | AK44: 10.8 | AL44: 6.8 | AM44: 13.7 | AN44: 1.5 | AO44: 1.8 | AP44: 8.2 | AQ44: 22.6 | AR44: 4.4 | AS44: 3.1 | AT44: 7.5 | AU44: 0.121 | AV44: 1.5 | AW44: 0.2 | AX44: 1.7 | AY44: 2.8 | AZ44: 4.6 | BA44: 0.22885572 | BB44: 0
A45: Zach LaVine | B45: 37096500 | C45: SG | D45: 27 | E45: CHI | F45: 77 | G45: 77 | H45: 35.9 | I45: 8.7 | J45: 18 | K45: 0.485 | L45: 2.6 | M45: 7.1 | N45: 0.375 | O45: 6.1 | P45: 11 | Q45: 0.556 | R45: 0.558 | S45: 4.7 | T45: 5.6 | U45: 0.848 | V45: 0.5 | W45: 3.9 | X45: 4.5 | Y45: 4.2 | Z45: 0.9 | AA45: 0.2 | AB45: 2.5 | AC45: 2.1 | AD45: 24.8 | AE45: 2768 | AF45: 19 | AG45: 0.607 | AH45: 0.392 | AI45: 0.308 | AJ45: 1.7 | AK45: 12.2 | AL45: 7.1 | AM45: 18.7 | AN45: 1.2 | AO45: 0.6 | AP45: 11 | AQ45: 28.3 | AR45: 4.2 | AS45: 2.9 | AT45: 7.1 | AU45: 0.123 | AV45: 2.7 | AW45: -0.7 | AX45: 1.9 | AY45: 2.7 | AZ45: 4.5 | BA45: 0.12130524 | BB45: 0
A46: Fred VanVleet | B46: 21250000 | C46: PG | D46: 28 | E46: TOR | F46: 69 | G46: 69 | H46: 36.7 | I46: 6.3 | J46: 16.1 | K46: 0.393 | L46: 3 | M46: 8.8 | N46: 0.342 | O46: 3.3 | P46: 7.3 | Q46: 0.455 | R46: 0.486 | S46: 3.7 | T46: 4.1 | U46: 0.898 | V46: 0.4 | W46: 3.6 | X46: 4.1 | Y46: 7.2 | Z46: 1.8 | AA46: 0.6 | AB46: 2 | AC46: 2.8 | AD46: 19.3 | AE46: 2535 | AF46: 17 | AG46: 0.54 | AH46: 0.545 | AI46: 0.254 | AJ46: 1.2 | AK46: 12 | AL46: 6.3 | AM46: 28.1 | AN46: 2.4 | AO46: 1.5 | AP46: 10.2 | AQ46: 23.2 | AR46: 3.7 | AS46: 2.8 | AT46: 6.5 | AU46: 0.123 | AV46: 2 | AW46: 0.5 | AX46: 2.5 | AY46: 2.9 | AZ46: 4.5 | BA46: 0.21176471 | BB46: 0
... A48: Aaron Gordon | B48: 20690909 | C48: PF | D48: 27 | E48: DEN | F48: 68 | G48: 68 | H48: 30.2 | I48: 6.3 | J48: 11.2 | K48: 0.564 | L48: 0.9 | M48: 2.5 | N48: 0.347 | O48: 5.4 | P48: 8.6 | Q48: 0.628 | R48: 0.603 | S48: 2.8 | T48: 4.6 | U48: 0.608 | V48: 2.4 | W48: 4.1 | X48: 6.6 | Y48: 3 | Z48: 0.8 | AA48: 0.8 | AB48: 1.4 | AC48: 1.9 | AD48: 16.3 | AE48: 2055 | AF48: 19.5 | AG48: 0.617 | AH48: 0.227 | AI48: 0.413 | AJ48: 9.4 | AK48: 15.4 | AL48: 12.5 | AM48: 14.2 | AN48: 1.3 | AO48: 2.2 | AP48: 9.8 | AQ48: 21.1 | AR48: 4.6 | AS48: 2.2 | AT48: 6.8 | AU48: 0.158 | AV48: 2.4 | AW48: -0.3 | AX48: 2.1 | AY48: 2.1 | AZ48: 4.45 | BA48: 0.2150703 | BB48: 0
A49: Mitchell Robinson | B49: 17045454 | C49: C | D49: 24 | E49: NYK | F49: 59 | G49: 58 | H49: 27 | I49: 3.2 | J49: 4.7 | K49: 0.671 | L49: 0 | M49: 0 | O49: 3.2 | P49: 4.7 | Q49: 0.671 | R49: 0.671 | S49: 1 | T49: 2.1 | U49: 0.484 | V49: 4.5 | W49: 4.9 | X49: 9.4 | Y49: 0.9 | Z49: 0.9 | AA49: 1.8 | AB49: 0.7 | AC49: 2.7 | AD49: 7.4 | AE49: 1591 | AF49: 18.9 | AG49: 0.652 | AH49: 0 | AI49: 0.436 | AJ49: 18.4 | AK49: 20 | AL49: 19.2 | AM49: 4.5 | AN49: 1.7 | AO49: 6.5 | AP49: 10.9 | AQ49: 10.1 | AR49: 4 | AS49: 2.6 | AT49: 6.5 | AU49: 0.197 | AV49: 1 | AW49: 1.4 | AX49: 2.4 | AY49: 1.7 | AZ49: 4.45 | BA49: 0.26106668 | BB49: 0
A50: Malcolm Brogdon | B50: 22600000 | C50: PG | D50: 30 | E50: BOS | F50: 67 | G50: 0 | H50: 26 | I50: 5.3 | J50: 10.9 | K50: 0.484 | L50: 2 | M50: 4.4 | N50: 0.444 | O50: 3.3 | P50: 6.5 | Q50: 0.51 | R50: 0.574 | S50: 2.4 | T50: 2.7 | U50: 0.87 | V50: 0.6 | W50: 3.6 | X50: 4.2 | Y50: 3.7 | Z50: 0.7 | AA50: 0.3 | AB50: 1.5 | AC50: 1.6 | AD50: 14.9 | AE50: 1744 | AF50: 18.2 | AG50: 0.615 | AH50: 0.406 | AI50: 0.251 | AJ50: 2.7 | AK50: 14.7 | AL50: 8.8 | AM50: 21.5 | AN50: 1.3 | AO50: 0.9 | AP50: 10.8 | AQ50: 22.8 | AR50: 3.6 | AS50: 2.2 | AT50: 5.8 | AU50: 0.161 | AV50: 2.3 | AW50: 0.6 | AX50: 2.8 | AY50: 2.1 | AZ50: 4.3 | BA50: 0.19026549 | BB50: 0
A51: Rudy Gobert | B51: 38172414 | C51: C | D51: 30 | E51: MIN | F51: 70 | G51: 70 | H51: 30.7 | I51: 5.1 | J51: 7.8 | K51: 0.659 | L51: 0 | M51: 0 | N51: 0 | O51: 5.1 | P51: 7.8 | Q51: 0.663 | R51: 0.659 | S51: 3.1 | T51: 4.9 | U51: 0.644 | V51: 3.3 | W51: 8.3 | X51: 11.6 | Y51: 1.2 | Z51: 0.8 | AA51: 1.4 | AB51: 1.7 | AC51: 3 | AD51: 13.4 | AE51: 2148 | AF51: 18.9 | AG51: 0.675 | AH51: 0.005 | AI51: 0.623 | AJ51: 12.2 | AK51: 29.8 | AL51: 21.2 | AM51: 5.6 | AN51: 1.2 | AO51: 3.9 | AP51: 14.9 | AQ51: 16.3 | AR51: 4.3 | AS51: 3.5 | AT51: 7.8 | AU51: 0.174 | AV51: 0 | AW51: 0.7 | AX51: 0.7 | AY51: 1.4 | AZ51: 4.25 | BA51: 0.11133695 | BB51: 0
A52: Jakob Poeltl | B52: 9398148 | C52: C | D52: 27 | E52: TOR | F52: 72 | G52: 71 | H52: 26.5 | I52: 5.4 | J52: 8.6 | K52: 0.629 | L52: 0 | M52: 0 | N52: 0 | O52: 5.4 | P52: 8.6 | Q52: 0.63 | R52: 0.629 | S52: 1.7 | T52: 2.8 | U52: 0.592 | V52: 3.3 | W52: 5.8 | X52: 9.1 | Y52: 2.7 | Z52: 0.9 | AA52: 1.2 | AB52: 1.7 | AC52: 2.7 | AD52: 12.5 | AE52: 1906 | AF52: 21 | AG52: 0.635 | AH52: 0.002 | AI52: 0.325 | AJ52: 13 | AK52: 25.5 | AL52: 19 | AM52: 15.2 | AN52: 1.7 | AO52: 4 | AP52: 15 | AQ52: 18.2 | AR52: 3.7 | AS52: 2.2 | AT52: 6 | AU52: 0.15 | AV52: 1.1 | AW52: 0.8 | AX52: 1.9 | AY52: 1.9 | AZ52: 3.95 | BA52: 0.42029557 | BB52: 0
A53: Onyeka Okongwu | B53: 6395160 | C53: C | D53: 22 | E53: ATL | F53: 80 | G53: 18 | H53: 23.1 | I53: 4 | J53: 6.2 | K53: 0.638 | L53: 0.1 | M53: 0.2 | N53: 0.308 | O53: 3.9 | P53: 6.1 | Q53: 0.647 | R53: 0.642 | S53: 1.9 | T53: 2.5 | U53: 0.781 | V53: 2.7 | W53: 4.5 | X53: 7.2 | Y53: 1 | Z53: 0.7 | AA53: 1.3 | AB53: 1 | AC53: 3.1 | AD53: 9.9 | AE53: 1849 | AF53: 19.4 | AG53: 0.678 | AH53: 0.026 | AI53: 0.394 | AJ53: 12.7 | AK53: 21.5 | AL53: 17 | AM53: 5.8 | AN53: 1.4 | AO53: 4.9 | AP53: 12.2 | AQ53: 15.1 | AR53: 4.7 | AS53: 2.4 | AT53: 7.1 | AU53: 0.185 | AV53: 0 | AW53: 0.8 | AX53: 0.8 | AY53: 1.3 | AZ53: 3.95 | BA53: 0.6176546 | BB53: 0
A54: Kyle Anderson | B54: 8780488 | C54: PF | D54: 29 | E54: MIN | F54: 69 | G54: 46 | H54: 28.4 | I54: 3.7 | J54: 7.2 | K54: 0.509 | L54: 0.6 | M54: 1.5 | N54: 0.41 | O54: 3 | P54: 5.7 | Q54: 0.536 | R54: 0.553 | S54: 1.4 | T54: 2 | U54: 0.735 | V54: 1 | W54: 4.4 | X54: 5.3 | Y54: 4.9 | Z54: 1.1 | AA54: 0.9 | AB54: 1.5 | AC54: 2.1 | AD54: 9.4 | AE54: 1957 | AF54: 14.8 | AG54: 0.583 | AH54: 0.212 | AI54: 0.275 | AJ54: 3.8 | AK54: 16.9 | AL54: 10.5 | AM54: 22.6 | AN54: 1.9 | AO54: 2.8 | AP54: 15.7 | AQ54: 14.4 | AR54: 2.5 | AS54: 2.6 | AT54: 5.1 | AU54: 0.125 | AV54: 0.2 | AW54: 2.3 | AX54: 2.5 | AY54: 2.2 | AZ54: 3.8 | BA54: 0.43277777 | BB54: 0
A55: Myles Turner | B55: 35096500 | C55: C | D55: 26 | E55: IND | F55: 62 | G55: 62 | H55: 29.4 | I55: 6.5 | J55: 11.8 | K55: 0.548 | L55: 1.5 | M55: 4 | N55: 0.373 | O55: 5 | P55: 7.8 | Q55: 0.638 | R55: 0.612 | S55: 3.5 | T55: 4.5 | U55: 0.783 | V55: 1.4 | W55: 6.1 | X55: 7.5 | Y55: 1.4 | Z55: 0.6 | AA55: 2.3 | AB55: 1.7 | AC55: 3.5 | AD55: 18 | AE55: 1825 | AF55: 20 | AG55: 0.651 | AH55: 0.34 | AI55: 0.377 | AJ55: 5.4 | AK55: 22.9 | AL55: 14.2 | AM55: 7.5 | AN55: 0.9 | AO55: 6.6 | AP55: 10.8 | AQ55: 22 | AR55: 3.4 | AS55: 2 | AT55: 5.4 | AU55: 0.142 | AV55: 1.4 | AW55: 0.7 | AX55: 2.1 | AY55: 1.9 | AZ55: 3.75 | BA55: 0.10684826 | BB55: 0
A56: Paul George | B56: 42492492 | C56: SF | D56: 32 | E56: LAC | F56: 56 | G56: 56 | H56: 34.6 | I56: 8.2 | J56: 17.9 | K56: 0.457 | L56: 2.8 | M56: 7.6 | N56: 0.371 | O56: 5.4 | P56: 10.3 | Q56: 0.521 | R56: 0.536 | S56: 4.6 | T56: 5.3 | U56: 0.871 | V56: 0.8 | W56: 5.3 | X56: 6.1 | Y56: 5.1 | Z56: 1.5 | AA56: 0.4 | AB56: 3.1 | AC56: 2.8 | AD56: 23.8 | AE56: 1939 | AF56: 19.6 | AG56: 0.588 | AH56: 0.424 | AI56: 0.293 | AJ56: 2.6 | AK56: 17 | AL56: 9.9 | AM56: 24.2 | AN56: 2.1 | AO56: 0.9 | AP56: 13.4 | AQ56: 29.5 | AR56: 2.3 | AS56: 2.3 | AT56: 4.6 | AU56: 0.114 | AV56: 2.4 | AW56: 0.3 | AX56: 2.8 | AY56: 2.3 | AZ56: 3.7 | BA56: 0.087074206 | BB56: 0
A57: Tyus Jones | B57: 15000000 | C57: PG | D57: 26 | E57: MEM | F57: 80 | G57: 22 | H57: 24.3 | I57: 3.9 | J57: 8.9 | K57: 0.438 | L57: 1.5 | M57: 4.1 | N57: 0.371 | O57: 2.4 | P57: 4.8 | Q57: 0.495 | R57: 0.523 | S57: 1 | T57: 1.3 | U57: 0.8 | V57: 0.4 | W57: 2.2 | X57: 2.5 | Y57: 5.2 | Z57: 1 | AA57: 0.1 | AB57: 0.9 | AC57: 0.4 | AD57: 10.3 | AE57: 1940 | AF57: 16 | AG57: 0.546 | AH57: 0.459 | AI57: 0.141 | AJ57: 1.5 | AK57: 9.4 | AL57: 5.5 | AM57: 28.8 | AN57: 2 | AO57: 0.3 | AP57: 8.9 | AQ57: 17.7 | AR57: 3.4 | AS57: 2.3 | AT57: 5.7 | AU57: 0.141 | AV57: 1.2 | AW57: 0.3 | AX57: 1.6 | AY57: 1.7 | AZ57: 3.65 | BA57: 0.24333333 | BB57: 0
A58: Deandre Ayton | B58: 30913750 | C58: C | D58: 24 | E58: PHO | F58: 67 | G58: 67 | H58: 30.4 | I58: 7.8 | J58: 13.2 | K58: 0.589 | L58: 0.1 | M58: 0.4 | N58: 0.292 | O58: 7.7 | P58: 12.9 | Q58: 0.597 | R58: 0.592 | S58: 2.3 | T58: 3 | U58: 0.76 | V58: 2.6 | W58: 7.4 | X58: 10 | Y58: 1.7 | Z58: 0.6 | AA58: 0.8 | AB58: 1.8 | AC58: 2.8 | AD58: 18 | AE58: 2035 | AF58: 19.9 | AG58: 0.617 | AH58: 0.027 | AI58: 0.225 | AJ58: 9.2 | AK58: 27.5 | AL58: 18.1 | AM58: 9.2 | AN58: 0.9 | AO58: 2.3 | AP58: 11 | AQ58: 22.9 | AR58: 3.3 | AS58: 3 | AT58: 6.2 | AU58: 0.147 | AV58: 0.9 | AW58: 0 | AX58: 0.9 | AY58: 1.5 | AZ58: 3.55 | BA58: 0.11483563 | BB58: 0
A59: Daniel Gafford | B59: 1930681 | C59: C | D59: 24 | E59: WAS | F59: 78 | G59: 47 | H59: 20.6 | I59: 3.7 | J59: 5.1 | K59: 0.732 | L59: 0 | M59: 0 | O59: 3.7 | P59: 5.1 | Q59: 0.732 | R59: 0.732 | S59: 1.6 | T59: 2.4 | U59: 0.679 | V59: 2.1 | W59: 3.5 | X59: 5.6 | Y59: 1.1 | Z59: 0.4 | AA59: 1.3 | AB59: 1.1 | AC59: 2.4 | AD59: 9 | AE59: 1604 | AF59: 19.7 | AG59: 0.739 | AH59: 0 | AI59: 0.473 | AJ59: 11.7 | AK59: 18 | AL59: 15 | AM59: 7.5 | AN59: 1 | AO59: 5.2 | AP59: 15.1 | AQ59: 15.2 | AR59: 4.2 | AS59: 1.9 | AT59: 6.1 | AU59: 0.184 | AV59: 0.4 | AW59: 0.6 | AX59: 1 | AY59: 1.2 | AZ59: 3.55 | BA59: 1.8387294 | BB59: 0
A60: Delon Wright | B60: 7804878 | C60: PG | D60: 30 | E60: WAS | F60: 50 | G60: 14 | H60: 24.4 | I60: 2.8 | J60: 5.8 | K60: 0.474 | L60: 0.8 | M60: 2.4 | N60: 0.345 | O60: 1.9 | P60: 3.4 | Q60: 0.564 | R60: 0.545 | S60: 1 | T60: 1.2 | U60: 0.867 | V60: 1.2 | W60: 2.4 | X60: 3.6 | Y60: 3.9 | Z60: 1.8 | AA60: 0.3 | AB60: 0.9 | AC60: 1.2 | AD60: 7.4 | AE60: 1221 | AF60: 16.3 | AG60: 0.581 | AH60: 0.409 | AI60: 0.206 | AJ60: 5.5 | AK60: 10.7 | AL60: 8.2 | AM60: 20.9 | AN60: 3.7 | AO60: 1.2 | AP60: 12.2 | AQ60: 12.9 | AR60: 2.1 | AS60: 1.6 | AT60: 3.7 | AU60: 0.146 | AV60: 0.4 | AW60: 3.1 | AX60: 3.4 | AY60: 1.7 | AZ60: 3.55 | BA60: 0.45484375 | BB60: 0
A61: Brandon Clarke | B61: 4343919 | C61: PF | D61: 26 | E61: MEM | F61: 56 | G61: 8 | H61: 19.5 | I61: 4.1 | J61: 6.2 | K61: 0.656 | L61: 0 | M61: 0.1 | N61: 0.167 | O61: 4.1 | P61: 6.1 | Q61: 0.665 | R61: 0.658 | S61: 1.8 | T61: 2.4 | U61: 0.723 | V61: 1.6 | W61: 3.9 | X61: 5.5 | Y61: 1.3 | Z61: 0.6 | AA61: 0.7 | AB61: 1 | AC61: 2.3 | AD61: 10 | AE61: 1090 | AF61: 20 | AG61: 0.682 | AH61: 0.017 | AI61: 0.393 | AJ61: 9 | AK61: 21.2 | AL61: 15.1 | AM61: 9.5 | AN61: 1.5 | AO61: 3.1 | AP61: 11.8 | AQ61: 17.7 | AR61: 2.7 | AS61: 1.8 | AT61: 4.5 | AU61: 0.199 | AV61: 0.8 | AW61: 1.8 | AX61: 2.5 | AY61: 1.3 | AZ61: 3.5 | BA61: 0.80572405 | BB61: 0
A62: Spencer Dinwiddie | B62: 19500000 | C62: PG | D62: 29 | E62: DAL | F62: 79 | G62: 79 | H62: 34.5 | I62: 5.8 | J62: 13.3 | K62: 0.438 | L62: 2.3 | M62: 6.2 | N62: 0.369 | O62: 3.5 | P62: 7.1 | Q62: 0.498 | R62: 0.524 | S62: 3.4 | T62: 4.2 | U62: 0.812 | V62: 0.4 | W62: 3.1 | X62: 3.4 | Y62: 6.5 | Z62: 0.8 | AA62: 0.3 | AB62: 1.8 | AC62: 2.4 | AD62: 17.3 | AE62: 2725 | AF62: 16 | AG62: 0.573 | AH62: 0.467 | AI62: 0.314 | AJ62: 1.2 | AK62: 10.2 | AL62: 5.7 | AM62: 28.1 | AN62: 1.2 | AO62: 0.8 | AP62: 10.8 | AQ62: 22.1 | AR62: 4.5 | AS62: 1.8 | AT62: 6.3 | AU62: 0.111 | AV62: 1.6 | AW62: -0.9 | AX62: 0.7 | AY62: 1.8 | AZ62: 3.5 | BA62: 0.17948718 | BB62: 0
A63: Josh Hart | B63: 12960000 | C63: SF | D63: 27 | E63: POR | F63: 76 | G63: 52 | H63: 32.3 | I63: 3.6 | J63: 6.8 | K63: 0.529 | L63: 0.8 | M63: 2.2 | N63: 0.372 | O63: 2.8 | P63: 4.7 | Q63: 0.601 | R63: 0.588 | S63: 1.7 | T63: 2.3 | U63: 0.75 | V63: 1.9 | W63: 5.9 | X63: 7.8 | Y63: 3.8 | Z63: 1.2 | AA63: 0.3 | AB63: 1.5 | AC63: 2.6 | AD63: 9.8 | AE63: 2454 | AF63: 14.1 | AG63: 0.622 | AH63: 0.315 | AI63: 0.338 | AJ63: 6.5 | AK63: 21 | AL63: 13.7 | AM63: 16.1 | AN63: 1.8 | AO63: 0.8 | AP63: 16.4 | AQ63: 12.6 | AR63: 3.8 | AS63: 2.2 | AT63: 6 | AU63: 0.118 | AV63: -0.2 | AW63: 1.1 | AX63: 0.9 | AY63: 1.8 | AZ63: 3.45 | BA63: 0.2662037 | BB63: 0
A64: Tobias Harris | B64: 37633050 | C64: SF | D64: 30 | E64: PHI | F64: 74 | G64: 74 | H64: 32.9 | I64: 5.7 | J64: 11.4 | K64: 0.501 | L64: 1.7 | M64: 4.4 | N64: 0.389 | O64: 4 | P64: 7 | Q64: 0.57 | R64: 0.575 | S64: 1.5 | T64: 1.7 | U64: 0.876 | V64: 0.9 | W64: 4.8 | X64: 5.7 | Y64: 2.5 | Z64: 0.9 | AA64: 0.5 | AB64: 1.2 | AC64: 2 | AD64: 14.7 | AE64: 2436 | AF64: 14.8 | AG64: 0.602 | AH64: 0.383 | AI64: 0.153 | AJ64: 3.3 | AK64: 17 | AL64: 10.3 | AM64: 11.4 | AN64: 1.4 | AO64: 1.5 | AP64: 9 | AQ64: 18.2 | AR64: 3.1 | AS64: 2.8 | AT64: 5.9 | AU64: 0.116 | AV64: 0.6 | AW64: 0.1 | AX64: 0.7 | AY64: 1.7 | AZ64: 3.3 | BA64: 0.08768888 | BB64: 0
A65: D'Angelo Russell | B65: 31377750 | C65: PG | D65: 26 | E65: MIN | F65: 71 | G65: 71 | H65: 32.5 | I65: 6.3 | J65: 13.4 | K65: 0.469 | L65: 2.7 | M65: 6.9 | N65: 0.396 | O65: 3.5 | P65: 6.5 | Q65: 0.548 | R65: 0.572 | S65: 2.5 | T65: 3 | U65: 0.829 | V65: 0.5 | W65: 2.5 | X65: 3 | Y65: 6.2 | Z65: 1 | AA65: 0.4 | AB65: 2.6 | AC65: 2 | AD65: 17.8 | AE65: 2304 | AF65: 16.3 | AG65: 0.605 | AH65: 0.517 | AI65: 0.228 | AJ65: 1.7 | AK65: 8.5 | AL65: 5.2 | AM65: 27.4 | AN65: 1.4 | AO65: 1.1 | AP65: 15.1 | AQ65: 22.7 | AR65: 3.1 | AS65: 1.9 | AT65: 5.1 | AU65: 0.106 | AV65: 2.1 | AW65: -0.7 | AX65: 1.5 | AY65: 2 | AZ65: 3.3 | BA65: 0.10517006 | BB65: 0
A66: Christian Wood | B66: 14317459 | C66: C | D66: 27 | E66: DAL | F66: 67 | G66: 17 | H66: 25.9 | I66: 5.9 | J66: 11.5 | K66: 0.515 | L66: 1.6 | M66: 4.2 | N66: 0.376 | O66: 4.3 | P66: 7.3 | Q66: 0.594 | R66: 0.583 | S66: 3.2 | T66: 4.2 | U66: 0.772 | V66: 1.3 | W66: 6 | X66: 7.3 | Y66: 1.8 | Z66: 0.4 | AA66: 1.1 | AB66: 1.8 | AC66: 2.5 | AD66: 16.6 | AE66: 1738 | AF66: 20.6 | AG66: 0.624 | AH66: 0.363 | AI66: 0.365 | AJ66: 5.8 | AK66: 27.4 | AL66: 16.4 | AM66: 11.7 | AN66: 0.9 | AO66: 3.7 | AP66: 11.9 | AQ66: 26.4 | AR66: 2.7 | AS66: 2.1 | AT66: 4.8 | AU66: 0.132 | AV66: 1.9 | AW66: -0.3 | AX66: 1.7 | AY66: 1.6 | AZ66: 3.25 | BA66: 0.22699559 | BB66: 0
A67: Mike Conley | B67: 22680000 | C67: PG | D67: 35 | E67: UTA | F67: 67 | G67: 66 | H67: 30.3 | I67: 3.9 | J67: 9.1 | K67: 0.428 | L67: 2 | M67: 5.2 | N67: 0.385 | O67: 1.9 | P67: 3.9 | Q67: 0.486 | R67: 0.539 | S67: 2.1 | T67: 2.5 | U67: 0.834 | V67: 0.5 | W67: 2.2 | X67: 2.7 | Y67: 6.7 | Z67: 1.1 | AA67: 0.2 | AB67: 1.5 | AC67: 2.1 | AD67: 11.9 | AE67: 2029 | AF67: 14.7 | AG67: 0.583 | AH67: 0.575 | AI67: 0.277 | AJ67: 1.8 | AK67: 7.9 | AL67: 4.9 | AM67: 29.4 | AN67: 1.7 | AO67: 0.6 | AP67: 13.1 | AQ67: 16.3 | AR67: 4.1 | AS67: 1.4 | AT67: 5.5 | AU67: 0.13 | AV67: 1 | AW67: -0.1 | AX67: 0.9 | AY67: 1.5 | AZ67: 3.2 | BA67: 0.14109347 | BB67: 0
A68: Jamal Murray | B68: 31650600 | C68: PG | D68: 25 | E68: DEN | F68: 65 | G68: 65 | H68: 32.8 | I68: 7.3 | J68: 16 | K68: 0.454 | L68: 2.6 | M68: 6.6 | N68: 0.398 | O68: 4.6 | P68: 9.4 | Q68: 0.494 | R68: 0.537 | S68: 2.8 | T68: 3.3 | U68: 0.833 | V68: 0.7 | W68: 3.2 | X68: 4 | Y68: 6.2 | Z68: 1 | AA68: 0.2 | AB68: 2.2 | AC68: 1.6 | AD68: 20 | AE68: 2133 | AF68: 18 | AG68: 0.571 | AH68: 0.415 | AI68: 0.207 | AJ68: 2.7 | AK68: 11 | AL68: 6.9 | AM68: 27.5 | AN68: 1.5 | AO68: 0.7 | AP68: 11.3 | AQ68: 26.1 | AR68: 3.3 | AS68: 1.9 | AT68: 5.1 | AU68: 0.116 | AV68: 2.6 | AW68: -1.3 | AX68: 1.3 | AY68: 1.8 | AZ68: 3.2 | BA68: 0.10110393 | BB68: 0
A69: Buddy Hield | B69: 21177750 | C69: SF | D69: 30 | E69: IND | F69: 80 | G69: 73 | H69: 31 | I69: 5.9 | J69: 13 | K69: 0.458 | L69: 3.6 | M69: 8.5 | N69: 0.425 | O69: 2.3 | P69: 4.5 | Q69: 0.518 | R69: 0.596 | S69: 1.3 | T69: 1.6 | U69: 0.822 | V69: 0.8 | W69: 4.2 | X69: 5 | Y69: 2.8 | Z69: 1.2 | AA69: 0.3 | AB69: 1.7 | AC69: 2 | AD69: 16.8 | AE69: 2482 | AF69: 15.4 | AG69: 0.614 | AH69: 0.652 | AI69: 0.124 | AJ69: 3 | AK69: 14.9 | AL69: 8.9 | AM69: 13.3 | AN69: 1.8 | AO69: 0.9 | AP69: 11.3 | AQ69: 20.8 | AR69: 2.7 | AS69: 1.6 | AT69: 4.4 | AU69: 0.085 | AV69: 2.5 | AW69: -0.6 | AX69: 1.9 | AY69: 2.4 | AZ69: 3.15 | BA69: 0.14874101 | BB69: 0
A70: Jarred Vanderbilt | B70: 4374000 | C70: PF | D70: 23 | E70: UTA | F70: 78 | G70: 65 | H70: 24.1 | I70: 3.2 | J70: 5.8 | K70: 0.548 | L70: 0.4 | M70: 1.2 | N70: 0.322 | O70: 2.8 | P70: 4.6 | Q70: 0.604 | R70: 0.58 | S70: 1.2 | T70: 1.8 | U70: 0.691 | V70: 2.2 | W70: 5.3 | X70: 7.5 | Y70: 2.4 | Z70: 1.1 | AA70: 0.3 | AB70: 1.2 | AC70: 2.4 | AD70: 7.9 | AE70: 1879 | AF70: 15.1 | AG70: 0.604 | AH70: 0.2 | AI70: 0.308 | AJ70: 10 | AK70: 23.2 | AL70: 16.7 | AM70: 13.1 | AN70: 2.1 | AO70: 0.9 | AP70: 15.9 | AQ70: 13.6 | AR70: 2.7 | AS70: 2.5 | AT70: 5.2 | AU70: 0.132 | AV70: -0.6 | AW70: 1.6 | AX70: 1.1 | AY70: 1.5 | AZ70: 3.15 | BA70: 0.72016461 | BB70: 0
A71: Jaylen Brown | B71: 29776785 | C71: SF | D71: 26 | E71: BOS | F71: 67 | G71: 67 | H71: 35.9 | I71: 10.1 | J71: 20.6 | K71: 0.491 | L71: 2.4 | M71: 7.3 | N71: 0.335 | O71: 7.7 | P71: 13.4 | Q71: 0.576 | R71: 0.55 | S71: 3.9 | T71: 5.1 | U71: 0.765 | V71: 1.2 | W71: 5.7 | X71: 6.9 | Y71: 3.5 | Z71: 1.1 | AA71: 0.4 | AB71: 2.9 | AC71: 2.6 | AD71: 26.6 | AE71: 2405 | AF71: 19.1 | AG71: 0.581 | AH71: 0.352 | AI71: 0.249 | AJ71: 3.6 | AK71: 17 | AL71: 10.4 | AM71: 16.5 | AN71: 1.5 | AO71: 0.9 | AP71: 11.4 | AQ71: 31.4 | AR71: 1.6 | AS71: 3.4 | AT71: 5 | AU71: 0.1 | AV71: 1.5 | AW71: -0.2 | AX71: 1.3 | AY71: 2 | AZ71: 3.15 | BA71: 0.10578711 | BB71: 0
... A193: Deni Avdija | B193: 4916160 | C193: SF | D193: 22 | E193: WAS | F193: 76 | G193: 40 | H193: 26.6 | I193: 3.3 | J193: 7.6 | K193: 0.437 | L193: 0.9 | M193: 3.1 | N193: 0.297 | O193: 2.4 | P193: 4.6 | Q193: 0.53 | R193: 0.497 | S193: 1.6 | T193: 2.2 | U193: 0.739 | V193: 1 | W193: 5.4 | X193: 6.4 | Y193: 2.8 | Z193: 0.9 | AA193: 0.4 | AB193: 1.6 | AC193: 2.8 | AD193: 9.2 | AE193: 2020 | AF193: 11.2 | AG193: 0.535 | AH193: 0.401 | AI193: 0.285 | AJ193: 4.2 | AK193: 21.9 | AL193: 13.4 | AM193: 13.9 | AN193: 1.6 | AO193: 1.2 | AP193: 15.9 | AQ193: 16.7 | AR193: 0 | AS193: 2.3 | AT193: 2.3 | AU193: 0.054 | AV193: -2.8 | AW193: 0.5 | AX193: -2.3 | AY193: -0.1 | AZ193: 0 | BA193: 0 | BB193: 0

Sheet H_GreedyScore
A1: Player Name | B1: Salary | C1: Position | D1: Score | E1: Selected | F1: Running_Salary | J1: Cap | K1: Roster Size | M1: PG_Count | N1: SG_Count | O1: SF_Count | P1: PF_Count | Q1: C_Count
A2: Luka Doncic | B2: 37096500 | C2: PG | D2: 10.15 | E2: 1 | F2: =B2 -> 37096500 | J2: =154000000 -> 154000000 | K2: 12 | M2: {=SUMPRODUCT(E2:E193, --(C2:C193="PG"))} -> 1 | N2: {=SUMPRODUCT(E2:E193, --(C2:C193="SG"))} -> 1 | O2: {=SUMPRODUCT(E2:E193, --(C2:C193="SF"))} -> 0 | P2: {=SUMPRODUCT(E2:E193, --(C2:C193="PF"))} -> 1 | Q2: {=SUMPRODUCT(E2:E193, --(C2:C193="C"))} -> 1
A3: Kyrie Irving | B3: 38917057 | C3: SG | D3: 5.75 | E3: 1 | F3: =F2 + B3 -> 76013557
A4: Joel Embiid | B4: 33616770 | C4: C | D4: 10.75 | E4: =IF(AND(F4<=$J$2, COUNTIF($E$2:E3,1)<$K$2),1,0) -> 1 | F4: =F3 + B4 -> 109630327 | J4: Total Heuristic Score | K4: Total Salary | L4: Total Player
A5: Jimmy Butler | B5: 37653300 | C5: PF | D5: 10.5 | E5: =IF(AND(F5<=$J$2, COUNTIF($E$2:E4,1)<$K$2),1,0) -> 1 | F5: =F4 + B5 -> 147283627 | J5: =SUMPRODUCT(D2:D193, E2:E193) -> 37.15 | K5: =SUMPRODUCT(B2:B193, E2:E193) -> 147283627 | L5: =SUM(E2:E193) -> 4
A6: Shai Gilgeous-Alexander | B6: 30913750 | C6: PG | D6: 9.35 | E6: =IF(AND(F6<=$J$2, COUNTIF($E$2:E5,1)<$K$2),1,0) -> 0 | F6: =F5 + B6 -> 178197377
A7: Domantas Sabonis | B7: 21100000 | C7: C | D7: 9.2 | E7: =IF(AND(F7<=$J$2, COUNTIF($E$2:E6,1)<$K$2),1,0) -> 0 | F7: =F6 + B7 -> 199297377
A8: Giannis Antetokounmpo | B8: 42492492 | C8: PF | D8: 8.55 | E8: =IF(AND(F8<=$J$2, COUNTIF($E$2:E7,1)<$K$2),1,0) -> 0 | F8: =F7 + B8 -> 241789869
A9: Damian Lillard | B9: 42492492 | C9: PG | D9: 8.05 | E9: =IF(AND(F9<=$J$2, COUNTIF($E$2:E8,1)<$K$2),1,0) -> 0 | F9: =F8 + B9 -> 284282361
A10: Jayson Tatum | B10: 30351780 | C10: SF | D10: 8 | E10: =IF(AND(F10<=$J$2, COUNTIF($E$2:E9,1)<$K$2),1,0) -> 0 | F10: =F9 + B10 -> 314634141
A11: Anthony Davis | B11: 37980720 | C11: C | D11: 7.65 | E11: =IF(AND(F11<=$J$2, COUNTIF($E$2:E10,1)<$K$2),1,0) -> 0 | F11: =F10 + B11 -> 352614861
A12: Stephen Curry | B12: 48070014 | C12: PG | D12: 7.65 | E12: =IF(AND(F12<=$J$2, COUNTIF($E$2:E11,1)<$K$2),1,0) -> 0 | F12: =F11 + B12 -> 400684875
A13: Donovan Mitchell | B13: 30913750 | C13: SG | D13: 7.6 | E13: =IF(AND(F13<=$J$2, COUNTIF($E$2:E12,1)<$K$2),1,0) -> 0 | F13: =F12 + B13 -> 431598625
A14: Tyrese Haliburton | B14: 4215120 | C14: PG | D14: 7.4 | E14: =IF(AND(F14<=$J$2, COUNTIF($E$2:E13,1)<$K$2),1,0) -> 0 | F14: =F13 + B14 -> 435813745
A15: Kevin Durant | B15: 44119845 | C15: PF | D15: 6.95 | E15: =IF(AND(F15<=$J$2, COUNTIF($E$2:E14,1)<$K$2),1,0) -> 0 | F15: =F14 + B15 -> 479933590
A16: James Harden | B16: 33000000 | C16: PG | D16: 6.9 | E16: =IF(AND(F16<=$J$2, COUNTIF($E$2:E15,1)<$K$2),1,0) -> 0 | F16: =F15 + B16 -> 512933590
A17: Kawhi Leonard | B17: 42492492 | C17: SF | D17: 6.6 | E17: =IF(AND(F17<=$J$2, COUNTIF($E$2:E16,1)<$K$2),1,0) -> 0 | F17: =F16 + B17 -> 555426082
... A193: Deni Avdija | B193: 4916160 | C193: SF | D193: 0 | E193: =IF(AND(F193<=$J$2, COUNTIF($E$2:E192,1)<$K$2),1,0) -> 0 | F193: =F192 + B193 -> 2880605400

Sheet H_GreedyValue
A1: Player Name | B1: Salary | C1: Position | D1: Score | E1: Score_per_$M | F1: Selected | G1: Running_Salary | J1: Cap | K1: Roster Size | M1: PG_Count | N1: SG_Count | O1: SF_Count | P1: PF_Count | Q1: C_Count
A2: Luka Doncic | B2: 37096500 | C2: PG | D2: 10.15 | E2: 0.27361072 | F2: 1 | G2: =B2 -> 37096500 | J2: =154000000 -> 154000000 | K2: 12 | M2: {=SUMPRODUCT(F2:F193, --(C2:C193="PG"))} -> 2 | N2: {=SUMPRODUCT(F2:F193, --(C2:C193="SG"))} -> 5 | O2: {=SUMPRODUCT(F2:F193, --(C2:C193="SF"))} -> 1 | P2: {=SUMPRODUCT(F2:F193, --(C2:C193="PF"))} -> 0 | Q2: {=SUMPRODUCT(F2:F193, --(C2:C193="C"))} -> 4
A3: Kyrie Irving | B3: 38917057 | C3: SG | D3: 5.75 | E3: 0.14775012 | F3: 1 | G3: =B3+G2 -> 76013557
A4: Desmond Bane | B4: 2130240 | C4: SG | D4: 4.65 | E4: 2.1828526 | F4: =IF(AND(G4<=$J$2, COUNTIF($F$2:F3,1)<$K$2),1,0) -> 1 | G4: =B4+G3 -> 78143797 | J4: Total Heuristic Score | K4: Total Salary | L4: Total Player
A5: Austin Reaves | B5: 1563518 | C5: SG | D5: 3.05 | E5: 1.9507291 | F5: =IF(AND(G5<=$J$2, COUNTIF($F$2:F4,1)<$K$2),1,0) -> 1 | G5: =B5+G4 -> 79707315 | J5: =SUMPRODUCT(D2:D193, F2:F193) -> 52.9 | K5: =SUMPRODUCT(B2:B193, F2:F193) -> 98276162 | L5: =SUM(F2:F193) -> 12
A6: Walker Kessler | B6: 2696400 | C6: C | D6: 5 | E6: 1.8543243 | F6: =IF(AND(G6<=$J$2, COUNTIF($F$2:F5,1)<$K$2),1,0) -> 1 | G6: =B6+G5 -> 82403715
A7: Daniel Gafford | B7: 1930681 | C7: C | D7: 3.55 | E7: 1.8387294 | F7: =IF(AND(G7<=$J$2, COUNTIF($F$2:F6,1)<$K$2),1,0) -> 1 | G7: =B7+G6 -> 84334396
A8: Immanuel Quickley | B8: 2316240 | C8: SG | D8: 4.2 | E8: 1.8132836 | F8: =IF(AND(G8<=$J$2, COUNTIF($F$2:F7,1)<$K$2),1,0) -> 1 | G8: =B8+G7 -> 86650636
A9: Tyrese Haliburton | B9: 4215120 | C9: PG | D9: 7.4 | E9: 1.7555847 | F9: =IF(AND(G9<=$J$2, COUNTIF($F$2:F8,1)<$K$2),1,0) -> 1 | G9: =B9+G8 -> 90865756
A10: Sam Hauser | B10: 1637966 | C10: SF | D10: 2.2 | E10: 1.3431292 | F10: =IF(AND(G10<=$J$2, COUNTIF($F$2:F9,1)<$K$2),1,0) -> 1 | G10: =B10+G9 -> 92503722
A11: Isaiah Joe | B11: 1836090 | C11: SG | D11: 2.35 | E11: 1.2798937 | F11: =IF(AND(G11<=$J$2, COUNTIF($F$2:F10,1)<$K$2),1,0) -> 1 | G11: =B11+G10 -> 94339812
A12: Thomas Bryant | B12: 1968175 | C12: C | D12: 2.35 | E12: 1.1939995 | F12: =IF(AND(G12<=$J$2, COUNTIF($F$2:F11,1)<$K$2),1,0) -> 1 | G12: =B12+G11 -> 96307987
A13: Drew Eubanks | B13: 1968175 | C13: C | D13: 2.25 | E13: 1.143191 | F13: =IF(AND(G13<=$J$2, COUNTIF($F$2:F12,1)<$K$2),1,0) -> 1 | G13: =B13+G12 -> 98276162
A14: Jordan Goodwin | B14: 1280206 | C14: PG | D14: 1.45 | E14: 1.1326302 | F14: =IF(AND(G14<=$J$2, COUNTIF($F$2:F13,1)<$K$2),1,0) -> 0 | G14: =B14+G13 -> 99556368
A15: Tyrese Maxey | B15: 2726880 | C15: SG | D15: 3 | E15: 1.1001584 | F15: =IF(AND(G15<=$J$2, COUNTIF($F$2:F14,1)<$K$2),1,0) -> 0 | G15: =B15+G14 -> 102283248
A16: Moritz Wagner | B16: 1878720 | C16: C | D16: 2 | E16: 1.0645546 | F16: =IF(AND(G16<=$J$2, COUNTIF($F$2:F15,1)<$K$2),1,0) -> 0 | G16: =B16+G15 -> 104161968
A17: Terance Mann | B17: 1930681 | C17: SG | D17: 2.05 | E17: 1.0618015 | F17: =IF(AND(G17<=$J$2, COUNTIF($F$2:F16,1)<$K$2),1,0) -> 0 | G17: =B17+G16 -> 106092649
... A193: Deni Avdija | B193: 4916160 | C193: SF | D193: 0 | E193: 0 | F193: =IF(AND(G193<=$J$2, COUNTIF($F$2:F192,1)<$K$2),1,0) -> 0 | G193: =B193+G192 -> 2880605400

Sheet Simulation
A1: Player Name | B1: Score | C1: Random Factor | D1: Sim Score | F1: Team Score | G1: Dummy | H1: Iteration | I1: Sim Team Score | K1: Mean | L1: Std dev | M1: Best case | N1: Worst case
A2: Domantas Sabonis | B2: 9.2 | C2: =(RAND()-0.5)/5 -> 0.017277407 | D2: =IF(RAND()<0.1, 0, B2*(1+C2)) -> 9.3589521 | F2: =SUM(D2:D13) -> 56.870099 | G2: 0 | H2: 1 | I2: =F2 -> 56.870099 | K2: =AVERAGE(I2:I1001) -> 60.809619 | L2: =_xlfn.STDEV.S(I2:I1001) -> 6.7705253 | M2: =MAX(I2:I1001) -> 71.219121 | N2: =MIN(I2:I1001) -> 31.182162
A3: Evan Mobley | B3: 5.1 | C3: =(RAND()-0.5)/5 -> 0.047898904 | D3: =IF(RAND()<0.1, 0, B3*(1+C3)) -> 5.3442844 | H3: 2 | I3: 60.783807
A4: Kevon Looney | B4: 5.4 | C4: =(RAND()-0.5)/5 -> -0.029662134 | D4: =IF(RAND()<0.1, 0, B4*(1+C4)) -> 5.2398245 | H4: 3 | I4: 61.679429
A5: Tyrese Haliburton | B5: 7.4 | C5: =(RAND()-0.5)/5 -> -0.01055152 | D5: =IF(RAND()<0.1, 0, B5*(1+C5)) -> 7.3219188 | H5: 4 | I5: 58.81415
A6: Walker Kessler | B6: 5 | C6: =(RAND()-0.5)/5 -> 0.042424805 | D6: =IF(RAND()<0.1, 0, B6*(1+C6)) -> 5.212124 | H6: 5 | I6: 62.999047
A7: Immanuel Quickley | B7: 4.2 | C7: =(RAND()-0.5)/5 -> 0.039527617 | D7: =IF(RAND()<0.1, 0, B7*(1+C7)) -> 4.366016 | H7: 6 | I7: 59.698594
A8: Desmond Bane | B8: 4.65 | C8: =(RAND()-0.5)/5 -> 0.047846894 | D8: =IF(RAND()<0.1, 0, B8*(1+C8)) -> 4.8724881 | H8: 7 | I8: 48.992297
A9: Sam Hauser | B9: 2.2 | C9: =(RAND()-0.5)/5 -> 0.0461655 | D9: =IF(RAND()<0.1, 0, B9*(1+C9)) -> 0 | H9: 8 | I9: 59.629428
A10: Kyrie Irving | B10: 5.75 | C10: =(RAND()-0.5)/5 -> -0.025462 | D10: =IF(RAND()<0.1, 0, B10*(1+C10)) -> 5.6035935 | H10: 9 | I10: 69.204602
A11: Lauri Markkanen | B11: 6 | C11: =(RAND()-0.5)/5 -> 0.098957724 | D11: =IF(RAND()<0.1, 0, B11*(1+C11)) -> 6.5937463 | H11: 10 | I11: 58.757625
A12: Scottie Barnes | B12: 2.7 | C12: =(RAND()-0.5)/5 -> 0.095241195 | D12: =IF(RAND()<0.1, 0, B12*(1+C12)) -> 2.9571512 | H12: 11 | I12: 60.944882
A13: Luka Doncic | B13: 10.15 | C13: =(RAND()-0.5)/5 -> 0.087395437 | D13: =IF(RAND()<0.1, 0, B13*(1+C13)) -> 0 | H13: 12 | I13: 44.366895
H14: 13 | I14: 59.537206
H15: 14 | I15: 53.58434
H16: 15 | I16: 60.260534
H17: 16 | I17: 62.953527
H18: 17 | I18: 59.674456
H19: 18 | I19: 64.229233
H20: 19 | I20: 58.198873
H21: 20 | I21: 68.831069
H22: 21 | I22: 70.51844
H23: 22 | I23: 68.536449
H24: 23 | I24: 47.174057
H25: 24 | I25: 66.530788
... H1001: 1000 | I1001: 56.259088

Sheet The Dream Team
A1: Player Name | B1: Salary | C1: Position | D1: Age | E1: Team | F1: GP | G1: GS | H1: MP | I1: FG | J1: FGA | K1: FG% | L1: 3P | M1: 3PA | N1: 3P% | O1: 2P | P1: 2PA | Q1: 2P% | R1: eFG% | S1: FT | T1: FTA | U1: FT% | V1: ORB | W1: DRB | X1: TRB | Y1: AST | Z1: STL | AA1: BLK | AB1: TOV | AC1: PF | AD1: PTS | AE1: Total Minutes | AF1: PER | AG1: TS% | AH1: 3PAr | AI1: FTr | AJ1: ORB% | AK1: DRB% | AL1: TRB% | AM1: AST% | AN1: STL% | AO1: BLK% | AP1: TOV% | AQ1: USG% | AR1: OWS | AS1: DWS | AT1: WS | AU1: WS/48 | AV1: OBPM | AW1: DBPM | AX1: BPM | AY1: VORP | AZ1: Score | BA1: Score_per_$M | BB1: Decision Variable | BD1: Total Score | BE1: Total Salary | BF1: Total Players | BG1: PG_Count | BH1: SG_Count | BI1: SF_Count | BJ1: PF_Count | BK1: C_Count | BL1: Cap | BM1: Roster Size
A2: Luka Doncic | B2: 37096500 | C2: PG | AT2: 12.1 | AX2: 8.2 | AZ2: 10.15 | BA2: 0.27361072 | BB2: 1 | BD2: =SUMPRODUCT(AZ2:AZ193, BB2:BB193) -> 49.3 | BE2: =SUMPRODUCT(B2:B193, BB2:BB193) -> 140408731 | BF2: =SUM(BB2:BB193) -> 8 | BG2: {=SUMPRODUCT(BB2:BB193, --(C2:C193="PG"))} -> 1 | BH2: {=SUMPRODUCT(BB2:BB193, --(C2:C193="SG"))} -> 1 | BI2: {=SUMPRODUCT(BB2:BB193, --(C2:C193="SF"))} -> 1 | BJ2: {=SUMPRODUCT(BB2:BB193, --(C2:C193="PF"))} -> 2 | BK2: {=SUMPRODUCT(BB2:BB193, --(C2:C193="C"))} -> 3 | BL2: =154000000 -> 154000000 | BM2: 12
A3: Domantas Sabonis | B3: 21100000 | C3: C | D3: 26 | E3: SAC | F3: 79 | G3: 79 | H3: 34.6 | I3: 7.3 | J3: 11.9 | K3: 0.615 | L3: 0.4 | M3: 1.1 | N3: 0.373 | O3: 6.9 | P3: 10.8 | Q3: 0.639 | R3: 0.632 | S3: 4.1 | T3: 5.5 | U3: 0.742 | V3: 3.2 | W3: 9.1 | X3: 12.3 | Y3: 7.3 | Z3: 0.8 | AA3: 0.5 | AB3: 2.9 | AC3: 3.5 | AD3: 19.1 | AE3: 2736 | AF3: 23.5 | AG3: 0.668 | AH3: 0.088 | AI3: 0.467 | AJ3: 10.6 | AK3: 30 | AL3: 20.3 | AM3: 30.4 | AN3: 1.1 | AO3: 1.2 | AP3: 16.9 | AQ3: 21.3 | AR3: 9.6 | AS3: 3 | AT3: 12.6 | AU3: 0.221 | AV3: 4.1 | AW3: 1.8 | AX3: 5.8 | AY3: 5.4 | AZ3: 9.2 | BA3: 0.43601896 | BB3: 1 | BL3: BB193 | BM3: = | BN3: 1 | BO3: Luka
A4: Lauri Markkanen | B4: 16475454 | C4: PF | D4: 25 | E4: UTA | F4: 66 | G4: 66 | H4: 34.4 | I4: 8.7 | J4: 17.3 | K4: 0.499 | L4: 3 | M4: 7.7 | N4: 0.391 | O4: 5.6 | P4: 9.6 | Q4: 0.585 | R4: 0.586 | S4: 5.3 | T4: 6 | U4: 0.875 | V4: 2 | W4: 6.7 | X4: 8.6 | Y4: 1.9 | Z4: 0.6 | AA4: 0.6 | AB4: 1.9 | AC4: 2.1 | AD4: 25.6 | AE4: 2273 | AF4: 22.1 | AG4: 0.64 | AH4: 0.446 | AI4: 0.348 | AJ4: 6.3 | AK4: 20.7 | AL4: 13.6 | AM4: 8.6 | AN4: 0.9 | AO4: 1.4 | AP4: 8.8 | AQ4: 26.6 | AR4: 6.3 | AS4: 1.9 | AT4: 8.2 | AU4: 0.173 | AV4: 4.9 | AW4: -1 | AX4: 3.8 | AY4: 3.3 | AZ4: 6 | BA4: 0.36417813 | BB4: 1 | BL4: BB26 | BM4: = | BN4: 1 | BO4: Kyrie
A5: Kyrie Irving | B5: 38917057 | C5: SG | D5: 30 | E5: DAL | F5: 60 | G5: 60 | H5: 37.4 | I5: 9.9 | J5: 20.1 | K5: 0.494 | L5: 3.1 | M5: 8.3 | N5: 0.379 | O5: 6.8 | P5: 11.8 | Q5: 0.574 | R5: 0.572 | S5: 4.1 | T5: 4.6 | U5: 0.905 | V5: 1 | W5: 4.1 | X5: 5.1 | Y5: 5.5 | Z5: 1.1 | AA5: 0.8 | AB5: 2.1 | AC5: 2.8 | AD5: 27.1 | AE5: 2241 | AF5: 22.4 | AG5: 0.613 | AH5: 0.412 | AI5: 0.227 | AJ5: 3 | AK5: 12.3 | AL5: 7.7 | AM5: 25.4 | AN5: 1.4 | AO5: 1.7 | AP5: 8.8 | AQ5: 28.9 | AR5: 5.4 | AS5: 2 | AT5: 7.4 | AU5: 0.159 | AV5: 4.8 | AW5: -0.7 | AX5: 4.1 | AY5: 3.5 | AZ5: 5.75 | BA5: 0.14775012 | BB5: 1
A6: Kevon Looney | B6: 8000000 | C6: C | D6: 26 | E6: GSW | F6: 82 | G6: 70 | H6: 23.9 | I6: 3 | J6: 4.7 | K6: 0.63 | L6: 0 | M6: 0 | N6: 0 | O6: 3 | P6: 4.7 | Q6: 0.632 | R6: 0.63 | S6: 1.1 | T6: 1.9 | U6: 0.606 | V6: 3.3 | W6: 5.9 | X6: 9.3 | Y6: 2.5 | Z6: 0.6 | AA6: 0.6 | AB6: 0.5 | AC6: 2.7 | AD6: 7 | AE6: 1958 | AF6: 17.8 | AG6: 0.639 | AH6: 0.003 | AI6: 0.404 | AJ6: 15.7 | AK6: 26.8 | AL6: 21.4 | AM6: 13.8 | AN6: 1.3 | AO6: 2.2 | AP6: 9.1 | AQ6: 10.6 | AR6: 5.9 | AS6: 2.8 | AT6: 8.7 | AU6: 0.212 | AV6: 0.9 | AW6: 1.3 | AX6: 2.1 | AY6: 2 | AZ6: 5.4 | BA6: 0.675 | BB6: 1
A7: Evan Mobley | B7: 8478720 | C7: PF | D7: 21 | E7: CLE | F7: 79 | G7: 79 | H7: 34.4 | I7: 6.6 | J7: 12 | K7: 0.554 | L7: 0.3 | M7: 1.3 | N7: 0.216 | O7: 6.4 | P7: 10.7 | Q7: 0.595 | R7: 0.566 | S7: 2.6 | T7: 3.8 | U7: 0.674 | V7: 2.4 | W7: 6.6 | X7: 9 | Y7: 2.8 | Z7: 0.8 | AA7: 1.5 | AB7: 1.8 | AC7: 2.8 | AD7: 16.2 | AE7: 2715 | AF7: 17.9 | AG7: 0.591 | AH7: 0.108 | AI7: 0.321 | AJ7: 8.1 | AK7: 22.7 | AL7: 15.4 | AM7: 12.4 | AN7: 1.1 | AO7: 4 | AP7: 11.9 | AQ7: 20.2 | AR7: 3.7 | AS7: 4.8 | AT7: 8.5 | AU7: 0.151 | AV7: 0 | AW7: 1.6 | AX7: 1.7 | AY7: 2.5 | AZ7: 5.1 | BA7: 0.60150589 | BB7: 1
A8: Walker Kessler | B8: 2696400 | C8: C | D8: 21 | E8: UTA | F8: 74 | G8: 40 | H8: 23 | I8: 4 | J8: 5.6 | K8: 0.72 | L8: 0 | M8: 0 | N8: 0.333 | O8: 4 | P8: 5.6 | Q8: 0.723 | R8: 0.721 | S8: 1.1 | T8: 2.1 | U8: 0.516 | V8: 3.1 | W8: 5.3 | X8: 8.4 | Y8: 0.9 | Z8: 0.4 | AA8: 2.3 | AB8: 0.8 | AC8: 2.3 | AD8: 9.2 | AE8: 1703 | AF8: 21.5 | AG8: 0.702 | AH8: 0.007 | AI8: 0.384 | AJ8: 14.9 | AK8: 24.4 | AL8: 19.7 | AM8: 5.7 | AN8: 0.7 | AO8: 8.6 | AP8: 10.7 | AQ8: 13.3 | AR8: 4.6 | AS8: 2.5 | AT8: 7.1 | AU8: 0.2 | AV8: 1.4 | AW8: 1.5 | AX8: 2.9 | AY8: 2.1 | AZ8: 5 | BA8: 1.8543243 | BB8: 1
A9: Scottie Barnes | B9: 7644600 | C9: SF | D9: 21 | E9: TOR | F9: 77 | G9: 76 | H9: 34.8 | I9: 6 | J9: 13.2 | K9: 0.456 | L9: 0.8 | M9: 2.9 | N9: 0.281 | O9: 5.2 | P9: 10.3 | Q9: 0.505 | R9: 0.487 | S9: 2.5 | T9: 3.2 | U9: 0.772 | V9: 2.3 | W9: 4.3 | X9: 6.6 | Y9: 4.8 | Z9: 1.1 | AA9: 0.8 | AB9: 2 | AC9: 2.2 | AD9: 15.3 | AE9: 2678 | AF9: 15.5 | AG9: 0.524 | AH9: 0.22 | AI9: 0.242 | AJ9: 7.1 | AK9: 15.2 | AL9: 10.8 | AM9: 20 | AN9: 1.5 | AO9: 2.2 | AP9: 12 | AQ9: 20.3 | AR9: 2.3 | AS9: 2.7 | AT9: 5 | AU9: 0.09 | AV9: 0.5 | AW9: -0.1 | AX9: 0.4 | AY9: 1.6 | AZ9: 2.7 | BA9: 0.35319049 | BB9: 1
A10: Joel Embiid | B10: 33616770 | C10: C | D10: 28 | E10: PHI | F10: 66 | G10: 66 | H10: 34.6 | I10: 11 | J10: 20.1 | K10: 0.548 | L10: 1 | M10: 3 | N10: 0.33 | O10: 10 | P10: 17.1 | Q10: 0.587 | R10: 0.573 | S10: 10 | T10: 11.7 | U10: 0.857 | V10: 1.7 | W10: 8.4 | X10: 10.2 | Y10: 4.2 | Z10: 1 | AA10: 1.7 | AB10: 3.4 | AC10: 3.1 | AD10: 33.1 | AE10: 2284 | AF10: 31.4 | AG10: 0.655 | AH10: 0.151 | AI10: 0.581 | AJ10: 5.9 | AK10: 28.3 | AL10: 17.3 | AM10: 22.9 | AN10: 1.4 | AO10: 4.6 | AP10: 11.9 | AQ10: 37 | AR10: 8.4 | AS10: 3.9 | AT10: 12.3 | AU10: 0.259 | AV10: 6.8 | AW10: 2.3 | AX10: 9.2 | AY10: 6.4 | AZ10: 10.75 | BA10: 0.31978087 | BB10: 0
A11: Jimmy Butler | B11: 37653300 | C11: PF | D11: 33 | E11: MIA | F11: 64 | G11: 64 | H11: 33.4 | I11: 7.5 | J11: 13.9 | K11: 0.539 | L11: 0.6 | M11: 1.6 | N11: 0.35 | O11: 6.9 | P11: 12.3 | Q11: 0.564 | R11: 0.56 | S11: 7.4 | T11: 8.7 | U11: 0.85 | V11: 2.2 | W11: 3.7 | X11: 5.9 | Y11: 5.3 | Z11: 1.8 | AA11: 0.3 | AB11: 1.6 | AC11: 1.3 | AD11: 22.9 | AE11: 2138 | AF11: 27.6 | AG11: 0.647 | AH11: 0.116 | AI11: 0.625 | AJ11: 7.5 | AK11: 13.3 | AL11: 10.3 | AM11: 27.1 | AN11: 2.7 | AO11: 1 | AP11: 8.2 | AQ11: 25.6 | AR11: 9.4 | AS11: 2.9 | AT11: 12.3 | AU11: 0.277 | AV11: 6.7 | AW11: 2 | AX11: 8.7 | AY11: 5.8 | AZ11: 10.5 | BA11: 0.27886002 | BB11: 0
A12: Shai Gilgeous-Alexander | B12: 30913750 | C12: PG | D12: 24 | E12: OKC | F12: 68 | G12: 68 | H12: 35.5 | I12: 10.4 | J12: 20.3 | K12: 0.51 | L12: 0.9 | M12: 2.5 | N12: 0.345 | O12: 9.5 | P12: 17.8 | Q12: 0.533 | R12: 0.531 | S12: 9.8 | T12: 10.9 | U12: 0.905 | V12: 0.9 | W12: 4 | X12: 4.8 | Y12: 5.5 | Z12: 1.6 | AA12: 1 | AB12: 2.8 | AC12: 2.8 | AD12: 31.4 | AE12: 2416 | AF12: 27.2 | AG12: 0.626 | AH12: 0.122 | AI12: 0.535 | AJ12: 2.6 | AK12: 12.2 | AL12: 7.3 | AM12: 25.7 | AN12: 2.2 | AO12: 2.5 | AP12: 10.1 | AQ12: 32.8 | AR12: 8.4 | AS12: 3 | AT12: 11.4 | AU12: 0.226 | AV12: 5.7 | AW12: 1.5 | AX12: 7.3 | AY12: 5.6 | AZ12: 9.35 | BA12: 0.30245441 | BB12: 0
A13: Giannis Antetokounmpo | B13: 42492492 | C13: PF | D13: 28 | E13: MIL | F13: 63 | G13: 63 | H13: 32.1 | I13: 11.2 | J13: 20.3 | K13: 0.553 | L13: 0.7 | M13: 2.7 | N13: 0.275 | O13: 10.5 | P13: 17.6 | Q13: 0.596 | R13: 0.572 | S13: 7.9 | T13: 12.3 | U13: 0.645 | V13: 2.2 | W13: 9.6 | X13: 11.8 | Y13: 5.7 | Z13: 0.8 | AA13: 0.8 | AB13: 3.9 | AC13: 3.1 | AD13: 31.1 | AE13: 2024 | AF13: 29 | AG13: 0.605 | AH13: 0.134 | AI13: 0.604 | AJ13: 7.3 | AK13: 30 | AL13: 19.1 | AM13: 33.2 | AN13: 1.2 | AO13: 2.1 | AP13: 13.2 | AQ13: 38.8 | AR13: 4.9 | AS13: 3.7 | AT13: 8.6 | AU13: 0.204 | AV13: 5.8 | AW13: 2.7 | AX13: 8.5 | AY13: 5.4 | AZ13: 8.55 | BA13: 0.20121202 | BB13: 0
A14: Damian Lillard | B14: 42492492 | C14: PG | D14: 32 | E14: POR | F14: 58 | G14: 58 | H14: 36.3 | I14: 9.6 | J14: 20.7 | K14: 0.463 | L14: 4.2 | M14: 11.3 | N14: 0.371 | O14: 5.4 | P14: 9.4 | Q14: 0.574 | R14: 0.564 | S14: 8.8 | T14: 9.6 | U14: 0.914 | V14: 0.8 | W14: 4 | X14: 4.8 | Y14: 7.3 | Z14: 0.9 | AA14: 0.3 | AB14: 3.3 | AC14: 1.9 | AD14: 32.2 | AE14: 2107 | AF14: 26.7 | AG14: 0.645 | AH14: 0.547 | AI14: 0.464 | AJ14: 2.4 | AK14: 12.8 | AL14: 7.6 | AM14: 35 | AN14: 1.2 | AO14: 0.8 | AP14: 11.7 | AQ14: 33.8 | AR14: 8.2 | AS14: 0.8 | AT14: 9 | AU14: 0.205 | AV14: 8.3 | AW14: -1.2 | AX14: 7.1 | AY14: 4.9 | AZ14: 8.05 | BA14: 0.18944523 | BB14: 0
A15: Jayson Tatum | B15: 30351780 | C15: SF | D15: 24 | E15: BOS | F15: 74 | G15: 74 | H15: 36.9 | I15: 9.8 | J15: 21.1 | K15: 0.466 | L15: 3.2 | M15: 9.3 | N15: 0.35 | O15: 6.6 | P15: 11.8 | Q15: 0.558 | R15: 0.543 | S15: 7.2 | T15: 8.4 | U15: 0.854 | V15: 1.1 | W15: 7.7 | X15: 8.8 | Y15: 4.6 | Z15: 1.1 | AA15: 0.7 | AB15: 2.9 | AC15: 2.2 | AD15: 30.1 | AE15: 2732 | AF15: 23.7 | AG15: 0.607 | AH15: 0.44 | AI15: 0.399 | AJ15: 3.2 | AK15: 22.5 | AL15: 13 | AM15: 20.9 | AN15: 1.4 | AO15: 1.6 | AP15: 10.4 | AQ15: 32.7 | AR15: 6.2 | AS15: 4.3 | AT15: 10.5 | AU15: 0.185 | AV15: 4.8 | AW15: 0.7 | AX15: 5.5 | AY15: 5.1 | AZ15: 8 | BA15: 0.26357597 | BB15: 0
A16: Stephen Curry | B16: 48070014 | C16: PG | D16: 34 | E16: GSW | F16: 56 | G16: 56 | H16: 34.7 | I16: 10 | J16: 20.2 | K16: 0.493 | L16: 4.9 | M16: 11.4 | N16: 0.427 | O16: 5.1 | P16: 8.8 | Q16: 0.579 | R16: 0.614 | S16: 4.6 | T16: 5 | U16: 0.915 | V16: 0.7 | W16: 5.4 | X16: 6.1 | Y16: 6.3 | Z16: 0.9 | AA16: 0.4 | AB16: 3.2 | AC16: 2.1 | AD16: 29.4 | AE16: 1941 | AF16: 24.1 | AG16: 0.656 | AH16: 0.564 | AI16: 0.248 | AJ16: 2.3 | AK16: 16.8 | AL16: 9.7 | AM16: 30 | AN16: 1.3 | AO16: 0.9 | AP16: 12.5 | AQ16: 31 | AR16: 5.8 | AS16: 2 | AT16: 7.8 | AU16: 0.192 | AV16: 7.5 | AW16: 0.1 | AX16: 7.5 | AY16: 4.7 | AZ16: 7.65 | BA16: 0.15914287 | BB16: 0
... A30: Devin Booker | B30: 33833400 | C30: SG | D30: 26 | E30: PHO | F30: 53 | G30: 53 | H30: 34.6 | I30: 9.9 | J30: 20.1 | K30: 0.494 | L30: 2.1 | M30: 6 | N30: 0.351 | O30: 7.8 | P30: 14.2 | Q30: 0.554 | R30: 0.546 | S30: 5.8 | T30: 6.8 | U30: 0.855 | V30: 0.9 | W30: 3.7 | X30: 4.5 | Y30: 5.5 | Z30: 1 | AA30: 0.3 | AB30: 2.7 | AC30: 3 | AD30: 27.8 | AE30: 1835 | AF30: 22 | AG30: 0.601 | AH30: 0.296 | AI30: 0.336 | AJ30: 2.7 | AK30: 12 | AL30: 7.2 | AM30: 27.3 | AN30: 1.4 | AO30: 0.9 | AP30: 10.6 | AQ30: 31.8 | AR30: 4.2 | AS30: 1.9 | AT30: 6 | AU30: 0.157 | AV30: 4.5 | AW30: -0.3 | AX30: 4.2 | AY30: 2.9 | AZ30: 5.1 | BA30: 0.15073862 | BB30: 0
A31: Mason Plumlee | B31: 9080417 | C31: C | D31: 32 | E31: CHA | F31: 79 | G31: 60 | H31: 26 | I31: 4.2 | J31: 6.1 | K31: 0.68 | L31: 0 | M31: 0 | O31: 4.2 | P31: 6.1 | Q31: 0.68 | R31: 0.68 | S31: 2.5 | T31: 4 | U31: 0.636 | V31: 2.9 | W31: 6 | X31: 8.9 | Y31: 3.1 | Z31: 0.6 | AA31: 0.6 | AB31: 1.5 | AC31: 2.7 | AD31: 10.8 | AE31: 2054 | AF31: 19.6 | AG31: 0.689 | AH31: 0 | AI31: 0.647 | AJ31: 11.8 | AK31: 25.1 | AL31: 18.4 | AM31: 17.3 | AN31: 1.1 | AO31: 2 | AP31: 15.8 | AQ31: 15.2 | AR31: 5.5 | AS31: 2.4 | AT31: 7.9 | AU31: 0.185 | AV31: 1.2 | AW31: 1 | AX31: 2.2 | AY31: 2.2 | AZ31: 5.05 | BA31: 0.55614186 | BB31: 0
A32: Brook Lopez | B32: 13906976 | C32: C | D32: 34 | E32: MIL | F32: 78 | G32: 78 | H32: 30.4 | I32: 6.1 | J32: 11.5 | K32: 0.531 | L32: 1.7 | M32: 4.7 | N32: 0.374 | O32: 4.4 | P32: 6.9 | Q32: 0.637 | R32: 0.606 | S32: 1.9 | T32: 2.4 | U32: 0.784 | V32: 2 | W32: 4.7 | X32: 6.7 | Y32: 1.3 | Z32: 0.5 | AA32: 2.5 | AB32: 1.4 | AC32: 2.6 | AD32: 15.9 | AE32: 2373 | AF32: 18.4 | AG32: 0.63 | AH32: 0.405 | AI32: 0.211 | AJ32: 7.2 | AK32: 15.3 | AL32: 11.4 | AM32: 6.1 | AN32: 0.7 | AO32: 6.7 | AP32: 9.8 | AQ32: 19.3 | AR32: 4.1 | AS32: 3.9 | AT32: 8 | AU32: 0.161 | AV32: 0.8 | AW32: 1.3 | AX32: 2.1 | AY32: 2.5 | AZ32: 5.05 | BA32: 0.36312711 | BB32: 0
A33: Trae Young | B33: 37096500 | C33: PG | D33: 24 | E33: ATL | F33: 73 | G33: 73 | H33: 34.8 | I33: 8.2 | J33: 19 | K33: 0.429 | L33: 2.1 | M33: 6.3 | N33: 0.335 | O33: 6.1 | P33: 12.7 | Q33: 0.476 | R33: 0.485 | S33: 7.8 | T33: 8.8 | U33: 0.886 | V33: 0.8 | W33: 2.2 | X33: 3 | Y33: 10.2 | Z33: 1.1 | AA33: 0.1 | AB33: 4.1 | AC33: 1.4 | AD33: 26.2 | AE33: 2541 | AF33: 22 | AG33: 0.573 | AH33: 0.331 | AI33: 0.46 | AJ33: 2.4 | AK33: 7 | AL33: 4.7 | AM33: 42.5 | AN33: 1.5 | AO33: 0.3 | AP33: 15.2 | AQ33: 32.6 | AR33: 5.3 | AS33: 1.4 | AT33: 6.7 | AU33: 0.126 | AV33: 5.3 | AW33: -2 | AX33: 3.3 | AY33: 3.4 | AZ33: 5 | BA33: 0.1347836 | BB33: 0
A34: Darius Garland | B34: 8920794 | C34: PG | D34: 23 | E34: CLE | F34: 69 | G34: 69 | H34: 35.5 | I34: 7.6 | J34: 16.4 | K34: 0.462 | L34: 2.4 | M34: 6 | N34: 0.41 | O34: 5.1 | P34: 10.4 | Q34: 0.492 | R34: 0.537 | S34: 4 | T34: 4.7 | U34: 0.863 | V34: 0.4 | W34: 2.3 | X34: 2.7 | Y34: 7.8 | Z34: 1.2 | AA34: 0.1 | AB34: 2.9 | AC34: 2.1 | AD34: 21.6 | AE34: 2447 | AF34: 18.8 | AG34: 0.587 | AH34: 0.365 | AI34: 0.284 | AJ34: 1.3 | AK34: 7.6 | AL34: 4.5 | AM34: 34.1 | AN34: 1.7 | AO34: 0.3 | AP34: 13.5 | AQ34: 26.9 | AR34: 4.5 | AS34: 3 | AT34: 7.6 | AU34: 0.148 | AV34: 3.2 | AW34: -0.7 | AX34: 2.4 | AY34: 2.7 | AZ34: 5 | BA34: 0.56048823 | BB34: 0
A35: De'Aaron Fox | B35: 30351780 | C35: PG | D35: 25 | E35: SAC | F35: 73 | G35: 73 | H35: 33.4 | I35: 9.3 | J35: 18.2 | K35: 0.512 | L35: 1.6 | M35: 5 | N35: 0.324 | O35: 7.7 | P35: 13.2 | Q35: 0.584 | R35: 0.557 | S35: 4.7 | T35: 6 | U35: 0.78 | V35: 0.5 | W35: 3.6 | X35: 4.2 | Y35: 6.1 | Z35: 1.1 | AA35: 0.3 | AB35: 2.5 | AC35: 2.4 | AD35: 25 | AE35: 2435 | AF35: 21.8 | AG35: 0.599 | AH35: 0.276 | AI35: 0.331 | AJ35: 1.9 | AK35: 12.4 | AL35: 7.2 | AM35: 29.6 | AN35: 1.6 | AO35: 0.8 | AP35: 10.6 | AQ35: 30.1 | AR35: 5.5 | AS35: 1.8 | AT35: 7.4 | AU35: 0.146 | AV35: 3.4 | AW35: -0.9 | AX35: 2.5 | AY35: 2.7 | AZ35: 4.95 | BA35: 0.16308763 | BB35: 0
A36: Jrue Holiday | B36: 34319520 | C36: PG | D36: 32 | E36: MIL | F36: 67 | G36: 65 | H36: 32.6 | I36: 7.3 | J36: 15.3 | K36: 0.479 | L36: 2.4 | M36: 6.1 | N36: 0.384 | O36: 5 | P36: 9.1 | Q36: 0.542 | R36: 0.556 | S36: 2.3 | T36: 2.6 | U36: 0.859 | V36: 1.2 | W36: 3.9 | X36: 5.1 | Y36: 7.4 | Z36: 1.2 | AA36: 0.4 | AB36: 2.9 | AC36: 1.7 | AD36: 19.3 | AE36: 2183 | AF36: 19.2 | AG36: 0.586 | AH36: 0.402 | AI36: 0.173 | AJ36: 3.9 | AK36: 12 | AL36: 8.1 | AM36: 34.4 | AN36: 1.7 | AO36: 0.9 | AP36: 15.2 | AQ36: 25 | AR36: 3.9 | AS36: 2.8 | AT36: 6.7 | AU36: 0.148 | AV36: 3 | AW36: 0.1 | AX36: 3.1 | AY36: 2.8 | AZ36: 4.9 | BA36: 0.14277589 | BB36: 0
A37: Derrick White | B37: 17142857 | C37: SG | D37: 28 | E37: BOS | F37: 82 | G37: 70 | H37: 28.3 | I37: 4.3 | J37: 9.2 | K37: 0.462 | L37: 1.8 | M37: 4.8 | N37: 0.381 | O37: 2.5 | P37: 4.5 | Q37: 0.548 | R37: 0.56 | S37: 2 | T37: 2.3 | U37: 0.875 | V37: 0.6 | W37: 2.9 | X37: 3.6 | Y37: 3.9 | Z37: 0.7 | AA37: 0.9 | AB37: 1.2 | AC37: 2.2 | AD37: 12.4 | AE37: 2319 | AF37: 15.4 | AG37: 0.604 | AH37: 0.516 | AI37: 0.253 | AJ37: 2.5 | AK37: 11.2 | AL37: 6.9 | AM37: 19.4 | AN37: 1.1 | AO37: 2.8 | AP37: 10.1 | AQ37: 17.7 | AR37: 4.4 | AS37: 3.1 | AT37: 7.4 | AU37: 0.154 | AV37: 1.1 | AW37: 1.3 | AX37: 2.4 | AY37: 2.6 | AZ37: 4.9 | BA37: 0.28583334 | BB37: 0
A38: Al Horford | B38: 26500000 | C38: C | D38: 36 | E38: BOS | F38: 63 | G38: 63 | H38: 30.5 | I38: 3.6 | J38: 7.6 | K38: 0.476 | L38: 2.3 | M38: 5.2 | N38: 0.446 | O38: 1.3 | P38: 2.4 | Q38: 0.539 | R38: 0.627 | S38: 0.2 | T38: 0.3 | U38: 0.714 | V38: 1.2 | W38: 5 | X38: 6.2 | Y38: 3 | Z38: 0.5 | AA38: 1 | AB38: 0.6 | AC38: 1.9 | AD38: 9.8 | AE38: 1922 | AF38: 13.8 | AG38: 0.631 | AH38: 0.678 | AI38: 0.044 | AJ38: 4.2 | AK38: 17.7 | AL38: 11.1 | AM38: 13.2 | AN38: 0.8 | AO38: 2.7 | AP38: 7 | AQ38: 11.9 | AR38: 3.6 | AS38: 2.7 | AT38: 6.3 | AU38: 0.157 | AV38: 1.6 | AW38: 1.7 | AX38: 3.3 | AY38: 2.5 | AZ38: 4.8 | BA38: 0.18113208 | BB38: 0
A39: Chris Paul | B39: 28400000 | C39: PG | D39: 37 | E39: PHO | F39: 59 | G39: 59 | H39: 32 | I39: 5 | J39: 11.3 | K39: 0.44 | L39: 1.7 | M39: 4.4 | N39: 0.375 | O39: 3.3 | P39: 6.9 | Q39: 0.482 | R39: 0.513 | S39: 2.3 | T39: 2.7 | U39: 0.831 | V39: 0.5 | W39: 3.8 | X39: 4.3 | Y39: 8.9 | Z39: 1.5 | AA39: 0.4 | AB39: 1.9 | AC39: 2.1 | AD39: 13.9 | AE39: 1889 | AF39: 17.7 | AG39: 0.555 | AH39: 0.391 | AI39: 0.24 | AJ39: 1.6 | AK39: 13.4 | AL39: 7.4 | AM39: 38.7 | AN39: 2.4 | AO39: 1 | AP39: 13.4 | AQ39: 19.2 | AR39: 3.7 | AS39: 2.5 | AT39: 6.2 | AU39: 0.156 | AV39: 2 | AW39: 1.2 | AX39: 3.2 | AY39: 2.5 | AZ39: 4.7 | BA39: 0.16549296 | BB39: 0
A40: Clint Capela | B40: 18206896 | C40: C | D40: 28 | E40: ATL | F40: 65 | G40: 63 | H40: 26.6 | I40: 5.4 | J40: 8.2 | K40: 0.653 | L40: 0 | M40: 0 | N40: 0 | O40: 5.4 | P40: 8.2 | Q40: 0.654 | R40: 0.653 | S40: 1.2 | T40: 2 | U40: 0.603 | V40: 4 | W40: 7.1 | X40: 11 | Y40: 0.9 | Z40: 0.7 | AA40: 1.2 | AB40: 0.8 | AC40: 2.1 | AD40: 12 | AE40: 1730 | AF40: 22.1 | AG40: 0.656 | AH40: 0.002 | AI40: 0.244 | AJ40: 16.1 | AK40: 29.4 | AL40: 22.7 | AM40: 4.7 | AN40: 1.2 | AO40: 3.9 | AP40: 8.3 | AQ40: 15.7 | AR40: 4.9 | AS40: 2.4 | AT40: 7.2 | AU40: 0.201 | AV40: 2.3 | AW40: -0.1 | AX40: 2.2 | AY40: 1.8 | AZ40: 4.7 | BA40: 0.25814395 | BB40: 0
A41: Desmond Bane | B41: 2130240 | C41: SG | D41: 24 | E41: MEM | F41: 58 | G41: 58 | H41: 31.7 | I41: 7.8 | J41: 16.2 | K41: 0.479 | L41: 2.9 | M41: 7 | N41: 0.408 | O41: 4.9 | P41: 9.2 | Q41: 0.534 | R41: 0.568 | S41: 3.1 | T41: 3.5 | U41: 0.883 | V41: 0.7 | W41: 4.3 | X41: 5 | Y41: 4.4 | Z41: 1 | AA41: 0.4 | AB41: 2.2 | AC41: 2.6 | AD41: 21.5 | AE41: 1841 | AF41: 19.1 | AG41: 0.606 | AH41: 0.433 | AI41: 0.218 | AJ41: 2.5 | AK41: 14.3 | AL41: 8.4 | AM41: 20.8 | AN41: 1.4 | AO41: 1.1 | AP41: 10.9 | AQ41: 26.1 | AR41: 3.5 | AS41: 2.3 | AT41: 5.8 | AU41: 0.151 | AV41: 3.3 | AW41: 0.1 | AX41: 3.5 | AY41: 2.5 | AZ41: 4.65 | BA41: 2.1828526 | BB41: 0
A42: Mikal Bridges | B42: 20100000 | C42: SG | D42: 26 | E42: PHO | F42: 83 | G42: 83 | H42: 35.7 | I42: 7.1 | J42: 15.3 | K42: 0.468 | L42: 2 | M42: 5.3 | N42: 0.382 | O42: 5.1 | P42: 9.9 | Q42: 0.514 | R42: 0.535 | S42: 3.8 | T42: 4.3 | U42: 0.895 | V42: 1 | W42: 3.4 | X42: 4.4 | Y42: 3.3 | Z42: 1.1 | AA42: 0.7 | AB42: 1.5 | AC42: 1.9 | AD42: 20.1 | AE42: 2963 | AF42: 16.8 | AG42: 0.587 | AH42: 0.349 | AI42: 0.279 | AJ42: 2.9 | AK42: 10.8 | AL42: 6.8 | AM42: 13.7 | AN42: 1.5 | AO42: 1.8 | AP42: 8.2 | AQ42: 22.6 | AR42: 4.4 | AS42: 3.1 | AT42: 7.5 | AU42: 0.121 | AV42: 1.5 | AW42: 0.2 | AX42: 1.7 | AY42: 2.8 | AZ42: 4.6 | BA42: 0.22885572 | BB42: 0
A43: Zach LaVine | B43: 37096500 | C43: SG | D43: 27 | E43: CHI | F43: 77 | G43: 77 | H43: 35.9 | I43: 8.7 | J43: 18 | K43: 0.485 | L43: 2.6 | M43: 7.1 | N43: 0.375 | O43: 6.1 | P43: 11 | Q43: 0.556 | R43: 0.558 | S43: 4.7 | T43: 5.6 | U43: 0.848 | V43: 0.5 | W43: 3.9 | X43: 4.5 | Y43: 4.2 | Z43: 0.9 | AA43: 0.2 | AB43: 2.5 | AC43: 2.1 | AD43: 24.8 | AE43: 2768 | AF43: 19 | AG43: 0.607 | AH43: 0.392 | AI43: 0.308 | AJ43: 1.7 | AK43: 12.2 | AL43: 7.1 | AM43: 18.7 | AN43: 1.2 | AO43: 0.6 | AP43: 11 | AQ43: 28.3 | AR43: 4.2 | AS43: 2.9 | AT43: 7.1 | AU43: 0.123 | AV43: 2.7 | AW43: -0.7 | AX43: 1.9 | AY43: 2.7 | AZ43: 4.5 | BA43: 0.12130524 | BB43: 0
... A46: Aaron Gordon | B46: 20690909 | C46: PF | D46: 27 | E46: DEN | F46: 68 | G46: 68 | H46: 30.2 | I46: 6.3 | J46: 11.2 | K46: 0.564 | L46: 0.9 | M46: 2.5 | N46: 0.347 | O46: 5.4 | P46: 8.6 | Q46: 0.628 | R46: 0.603 | S46: 2.8 | T46: 4.6 | U46: 0.608 | V46: 2.4 | W46: 4.1 | X46: 6.6 | Y46: 3 | Z46: 0.8 | AA46: 0.8 | AB46: 1.4 | AC46: 1.9 | AD46: 16.3 | AE46: 2055 | AF46: 19.5 | AG46: 0.617 | AH46: 0.227 | AI46: 0.413 | AJ46: 9.4 | AK46: 15.4 | AL46: 12.5 | AM46: 14.2 | AN46: 1.3 | AO46: 2.2 | AP46: 9.8 | AQ46: 21.1 | AR46: 4.6 | AS46: 2.2 | AT46: 6.8 | AU46: 0.158 | AV46: 2.4 | AW46: -0.3 | AX46: 2.1 | AY46: 2.1 | AZ46: 4.45 | BA46: 0.2150703 | BB46: 0
A47: Mitchell Robinson | B47: 17045454 | C47: C | D47: 24 | E47: NYK | F47: 59 | G47: 58 | H47: 27 | I47: 3.2 | J47: 4.7 | K47: 0.671 | L47: 0 | M47: 0 | O47: 3.2 | P47: 4.7 | Q47: 0.671 | R47: 0.671 | S47: 1 | T47: 2.1 | U47: 0.484 | V47: 4.5 | W47: 4.9 | X47: 9.4 | Y47: 0.9 | Z47: 0.9 | AA47: 1.8 | AB47: 0.7 | AC47: 2.7 | AD47: 7.4 | AE47: 1591 | AF47: 18.9 | AG47: 0.652 | AH47: 0 | AI47: 0.436 | AJ47: 18.4 | AK47: 20 | AL47: 19.2 | AM47: 4.5 | AN47: 1.7 | AO47: 6.5 | AP47: 10.9 | AQ47: 10.1 | AR47: 4 | AS47: 2.6 | AT47: 6.5 | AU47: 0.197 | AV47: 1 | AW47: 1.4 | AX47: 2.4 | AY47: 1.7 | AZ47: 4.45 | BA47: 0.26106668 | BB47: 0
A48: Malcolm Brogdon | B48: 22600000 | C48: PG | D48: 30 | E48: BOS | F48: 67 | G48: 0 | H48: 26 | I48: 5.3 | J48: 10.9 | K48: 0.484 | L48: 2 | M48: 4.4 | N48: 0.444 | O48: 3.3 | P48: 6.5 | Q48: 0.51 | R48: 0.574 | S48: 2.4 | T48: 2.7 | U48: 0.87 | V48: 0.6 | W48: 3.6 | X48: 4.2 | Y48: 3.7 | Z48: 0.7 | AA48: 0.3 | AB48: 1.5 | AC48: 1.6 | AD48: 14.9 | AE48: 1744 | AF48: 18.2 | AG48: 0.615 | AH48: 0.406 | AI48: 0.251 | AJ48: 2.7 | AK48: 14.7 | AL48: 8.8 | AM48: 21.5 | AN48: 1.3 | AO48: 0.9 | AP48: 10.8 | AQ48: 22.8 | AR48: 3.6 | AS48: 2.2 | AT48: 5.8 | AU48: 0.161 | AV48: 2.3 | AW48: 0.6 | AX48: 2.8 | AY48: 2.1 | AZ48: 4.3 | BA48: 0.19026549 | BB48: 0
A49: Rudy Gobert | B49: 38172414 | C49: C | D49: 30 | E49: MIN | F49: 70 | G49: 70 | H49: 30.7 | I49: 5.1 | J49: 7.8 | K49: 0.659 | L49: 0 | M49: 0 | N49: 0 | O49: 5.1 | P49: 7.8 | Q49: 0.663 | R49: 0.659 | S49: 3.1 | T49: 4.9 | U49: 0.644 | V49: 3.3 | W49: 8.3 | X49: 11.6 | Y49: 1.2 | Z49: 0.8 | AA49: 1.4 | AB49: 1.7 | AC49: 3 | AD49: 13.4 | AE49: 2148 | AF49: 18.9 | AG49: 0.675 | AH49: 0.005 | AI49: 0.623 | AJ49: 12.2 | AK49: 29.8 | AL49: 21.2 | AM49: 5.6 | AN49: 1.2 | AO49: 3.9 | AP49: 14.9 | AQ49: 16.3 | AR49: 4.3 | AS49: 3.5 | AT49: 7.8 | AU49: 0.174 | AV49: 0 | AW49: 0.7 | AX49: 0.7 | AY49: 1.4 | AZ49: 4.25 | BA49: 0.11133695 | BB49: 0
A50: Immanuel Quickley | B50: 2316240 | C50: SG | D50: 23 | E50: NYK | F50: 81 | G50: 21 | H50: 28.9 | I50: 5.2 | J50: 11.6 | K50: 0.448 | L50: 2.1 | M50: 5.6 | N50: 0.37 | O50: 3.1 | P50: 6 | Q50: 0.521 | R50: 0.537 | S50: 2.5 | T50: 3.1 | U50: 0.819 | V50: 0.7 | W50: 3.4 | X50: 4.2 | Y50: 3.4 | Z50: 1 | AA50: 0.2 | AB50: 1.2 | AC50: 2 | AD50: 14.9 | AE50: 2344 | AF50: 16.3 | AG50: 0.578 | AH50: 0.485 | AI50: 0.265 | AJ50: 2.7 | AK50: 13.1 | AL50: 7.9 | AM50: 17.4 | AN50: 1.7 | AO50: 0.6 | AP50: 8.7 | AQ50: 20.9 | AR50: 4.4 | AS50: 2.3 | AT50: 6.7 | AU50: 0.137 | AV50: 1.3 | AW50: 0.4 | AX50: 1.7 | AY50: 2.1 | AZ50: 4.2 | BA50: 1.8132836 | BB50: 0
A51: Jakob Poeltl | B51: 9398148 | C51: C | D51: 27 | E51: TOR | F51: 72 | G51: 71 | H51: 26.5 | I51: 5.4 | J51: 8.6 | K51: 0.629 | L51: 0 | M51: 0 | N51: 0 | O51: 5.4 | P51: 8.6 | Q51: 0.63 | R51: 0.629 | S51: 1.7 | T51: 2.8 | U51: 0.592 | V51: 3.3 | W51: 5.8 | X51: 9.1 | Y51: 2.7 | Z51: 0.9 | AA51: 1.2 | AB51: 1.7 | AC51: 2.7 | AD51: 12.5 | AE51: 1906 | AF51: 21 | AG51: 0.635 | AH51: 0.002 | AI51: 0.325 | AJ51: 13 | AK51: 25.5 | AL51: 19 | AM51: 15.2 | AN51: 1.7 | AO51: 4 | AP51: 15 | AQ51: 18.2 | AR51: 3.7 | AS51: 2.2 | AT51: 6 | AU51: 0.15 | AV51: 1.1 | AW51: 0.8 | AX51: 1.9 | AY51: 1.9 | AZ51: 3.95 | BA51: 0.42029557 | BB51: 0
A52: Onyeka Okongwu | B52: 6395160 | C52: C | D52: 22 | E52: ATL | F52: 80 | G52: 18 | H52: 23.1 | I52: 4 | J52: 6.2 | K52: 0.638 | L52: 0.1 | M52: 0.2 | N52: 0.308 | O52: 3.9 | P52: 6.1 | Q52: 0.647 | R52: 0.642 | S52: 1.9 | T52: 2.5 | U52: 0.781 | V52: 2.7 | W52: 4.5 | X52: 7.2 | Y52: 1 | Z52: 0.7 | AA52: 1.3 | AB52: 1 | AC52: 3.1 | AD52: 9.9 | AE52: 1849 | AF52: 19.4 | AG52: 0.678 | AH52: 0.026 | AI52: 0.394 | AJ52: 12.7 | AK52: 21.5 | AL52: 17 | AM52: 5.8 | AN52: 1.4 | AO52: 4.9 | AP52: 12.2 | AQ52: 15.1 | AR52: 4.7 | AS52: 2.4 | AT52: 7.1 | AU52: 0.185 | AV52: 0 | AW52: 0.8 | AX52: 0.8 | AY52: 1.3 | AZ52: 3.95 | BA52: 0.6176546 | BB52: 0
A53: Kyle Anderson | B53: 8780488 | C53: PF | D53: 29 | E53: MIN | F53: 69 | G53: 46 | H53: 28.4 | I53: 3.7 | J53: 7.2 | K53: 0.509 | L53: 0.6 | M53: 1.5 | N53: 0.41 | O53: 3 | P53: 5.7 | Q53: 0.536 | R53: 0.553 | S53: 1.4 | T53: 2 | U53: 0.735 | V53: 1 | W53: 4.4 | X53: 5.3 | Y53: 4.9 | Z53: 1.1 | AA53: 0.9 | AB53: 1.5 | AC53: 2.1 | AD53: 9.4 | AE53: 1957 | AF53: 14.8 | AG53: 0.583 | AH53: 0.212 | AI53: 0.275 | AJ53: 3.8 | AK53: 16.9 | AL53: 10.5 | AM53: 22.6 | AN53: 1.9 | AO53: 2.8 | AP53: 15.7 | AQ53: 14.4 | AR53: 2.5 | AS53: 2.6 | AT53: 5.1 | AU53: 0.125 | AV53: 0.2 | AW53: 2.3 | AX53: 2.5 | AY53: 2.2 | AZ53: 3.8 | BA53: 0.43277777 | BB53: 0
A54: Myles Turner | B54: 35096500 | C54: C | D54: 26 | E54: IND | F54: 62 | G54: 62 | H54: 29.4 | I54: 6.5 | J54: 11.8 | K54: 0.548 | L54: 1.5 | M54: 4 | N54: 0.373 | O54: 5 | P54: 7.8 | Q54: 0.638 | R54: 0.612 | S54: 3.5 | T54: 4.5 | U54: 0.783 | V54: 1.4 | W54: 6.1 | X54: 7.5 | Y54: 1.4 | Z54: 0.6 | AA54: 2.3 | AB54: 1.7 | AC54: 3.5 | AD54: 18 | AE54: 1825 | AF54: 20 | AG54: 0.651 | AH54: 0.34 | AI54: 0.377 | AJ54: 5.4 | AK54: 22.9 | AL54: 14.2 | AM54: 7.5 | AN54: 0.9 | AO54: 6.6 | AP54: 10.8 | AQ54: 22 | AR54: 3.4 | AS54: 2 | AT54: 5.4 | AU54: 0.142 | AV54: 1.4 | AW54: 0.7 | AX54: 2.1 | AY54: 1.9 | AZ54: 3.75 | BA54: 0.10684826 | BB54: 0
A55: Paul George | B55: 42492492 | C55: SF | D55: 32 | E55: LAC | F55: 56 | G55: 56 | H55: 34.6 | I55: 8.2 | J55: 17.9 | K55: 0.457 | L55: 2.8 | M55: 7.6 | N55: 0.371 | O55: 5.4 | P55: 10.3 | Q55: 0.521 | R55: 0.536 | S55: 4.6 | T55: 5.3 | U55: 0.871 | V55: 0.8 | W55: 5.3 | X55: 6.1 | Y55: 5.1 | Z55: 1.5 | AA55: 0.4 | AB55: 3.1 | AC55: 2.8 | AD55: 23.8 | AE55: 1939 | AF55: 19.6 | AG55: 0.588 | AH55: 0.424 | AI55: 0.293 | AJ55: 2.6 | AK55: 17 | AL55: 9.9 | AM55: 24.2 | AN55: 2.1 | AO55: 0.9 | AP55: 13.4 | AQ55: 29.5 | AR55: 2.3 | AS55: 2.3 | AT55: 4.6 | AU55: 0.114 | AV55: 2.4 | AW55: 0.3 | AX55: 2.8 | AY55: 2.3 | AZ55: 3.7 | BA55: 0.087074206 | BB55: 0
A56: Tyus Jones | B56: 15000000 | C56: PG | D56: 26 | E56: MEM | F56: 80 | G56: 22 | H56: 24.3 | I56: 3.9 | J56: 8.9 | K56: 0.438 | L56: 1.5 | M56: 4.1 | N56: 0.371 | O56: 2.4 | P56: 4.8 | Q56: 0.495 | R56: 0.523 | S56: 1 | T56: 1.3 | U56: 0.8 | V56: 0.4 | W56: 2.2 | X56: 2.5 | Y56: 5.2 | Z56: 1 | AA56: 0.1 | AB56: 0.9 | AC56: 0.4 | AD56: 10.3 | AE56: 1940 | AF56: 16 | AG56: 0.546 | AH56: 0.459 | AI56: 0.141 | AJ56: 1.5 | AK56: 9.4 | AL56: 5.5 | AM56: 28.8 | AN56: 2 | AO56: 0.3 | AP56: 8.9 | AQ56: 17.7 | AR56: 3.4 | AS56: 2.3 | AT56: 5.7 | AU56: 0.141 | AV56: 1.2 | AW56: 0.3 | AX56: 1.6 | AY56: 1.7 | AZ56: 3.65 | BA56: 0.24333333 | BB56: 0
A57: Deandre Ayton | B57: 30913750 | C57: C | D57: 24 | E57: PHO | F57: 67 | G57: 67 | H57: 30.4 | I57: 7.8 | J57: 13.2 | K57: 0.589 | L57: 0.1 | M57: 0.4 | N57: 0.292 | O57: 7.7 | P57: 12.9 | Q57: 0.597 | R57: 0.592 | S57: 2.3 | T57: 3 | U57: 0.76 | V57: 2.6 | W57: 7.4 | X57: 10 | Y57: 1.7 | Z57: 0.6 | AA57: 0.8 | AB57: 1.8 | AC57: 2.8 | AD57: 18 | AE57: 2035 | AF57: 19.9 | AG57: 0.617 | AH57: 0.027 | AI57: 0.225 | AJ57: 9.2 | AK57: 27.5 | AL57: 18.1 | AM57: 9.2 | AN57: 0.9 | AO57: 2.3 | AP57: 11 | AQ57: 22.9 | AR57: 3.3 | AS57: 3 | AT57: 6.2 | AU57: 0.147 | AV57: 0.9 | AW57: 0 | AX57: 0.9 | AY57: 1.5 | AZ57: 3.55 | BA57: 0.11483563 | BB57: 0
A58: Daniel Gafford | B58: 1930681 | C58: C | D58: 24 | E58: WAS | F58: 78 | G58: 47 | H58: 20.6 | I58: 3.7 | J58: 5.1 | K58: 0.732 | L58: 0 | M58: 0 | O58: 3.7 | P58: 5.1 | Q58: 0.732 | R58: 0.732 | S58: 1.6 | T58: 2.4 | U58: 0.679 | V58: 2.1 | W58: 3.5 | X58: 5.6 | Y58: 1.1 | Z58: 0.4 | AA58: 1.3 | AB58: 1.1 | AC58: 2.4 | AD58: 9 | AE58: 1604 | AF58: 19.7 | AG58: 0.739 | AH58: 0 | AI58: 0.473 | AJ58: 11.7 | AK58: 18 | AL58: 15 | AM58: 7.5 | AN58: 1 | AO58: 5.2 | AP58: 15.1 | AQ58: 15.2 | AR58: 4.2 | AS58: 1.9 | AT58: 6.1 | AU58: 0.184 | AV58: 0.4 | AW58: 0.6 | AX58: 1 | AY58: 1.2 | AZ58: 3.55 | BA58: 1.8387294 | BB58: 0
A59: Delon Wright | B59: 7804878 | C59: PG | D59: 30 | E59: WAS | F59: 50 | G59: 14 | H59: 24.4 | I59: 2.8 | J59: 5.8 | K59: 0.474 | L59: 0.8 | M59: 2.4 | N59: 0.345 | O59: 1.9 | P59: 3.4 | Q59: 0.564 | R59: 0.545 | S59: 1 | T59: 1.2 | U59: 0.867 | V59: 1.2 | W59: 2.4 | X59: 3.6 | Y59: 3.9 | Z59: 1.8 | AA59: 0.3 | AB59: 0.9 | AC59: 1.2 | AD59: 7.4 | AE59: 1221 | AF59: 16.3 | AG59: 0.581 | AH59: 0.409 | AI59: 0.206 | AJ59: 5.5 | AK59: 10.7 | AL59: 8.2 | AM59: 20.9 | AN59: 3.7 | AO59: 1.2 | AP59: 12.2 | AQ59: 12.9 | AR59: 2.1 | AS59: 1.6 | AT59: 3.7 | AU59: 0.146 | AV59: 0.4 | AW59: 3.1 | AX59: 3.4 | AY59: 1.7 | AZ59: 3.55 | BA59: 0.45484375 | BB59: 0
A60: Brandon Clarke | B60: 4343919 | C60: PF | D60: 26 | E60: MEM | F60: 56 | G60: 8 | H60: 19.5 | I60: 4.1 | J60: 6.2 | K60: 0.656 | L60: 0 | M60: 0.1 | N60: 0.167 | O60: 4.1 | P60: 6.1 | Q60: 0.665 | R60: 0.658 | S60: 1.8 | T60: 2.4 | U60: 0.723 | V60: 1.6 | W60: 3.9 | X60: 5.5 | Y60: 1.3 | Z60: 0.6 | AA60: 0.7 | AB60: 1 | AC60: 2.3 | AD60: 10 | AE60: 1090 | AF60: 20 | AG60: 0.682 | AH60: 0.017 | AI60: 0.393 | AJ60: 9 | AK60: 21.2 | AL60: 15.1 | AM60: 9.5 | AN60: 1.5 | AO60: 3.1 | AP60: 11.8 | AQ60: 17.7 | AR60: 2.7 | AS60: 1.8 | AT60: 4.5 | AU60: 0.199 | AV60: 0.8 | AW60: 1.8 | AX60: 2.5 | AY60: 1.3 | AZ60: 3.5 | BA60: 0.80572405 | BB60: 0
A61: Spencer Dinwiddie | B61: 19500000 | C61: PG | D61: 29 | E61: DAL | F61: 79 | G61: 79 | H61: 34.5 | I61: 5.8 | J61: 13.3 | K61: 0.438 | L61: 2.3 | M61: 6.2 | N61: 0.369 | O61: 3.5 | P61: 7.1 | Q61: 0.498 | R61: 0.524 | S61: 3.4 | T61: 4.2 | U61: 0.812 | V61: 0.4 | W61: 3.1 | X61: 3.4 | Y61: 6.5 | Z61: 0.8 | AA61: 0.3 | AB61: 1.8 | AC61: 2.4 | AD61: 17.3 | AE61: 2725 | AF61: 16 | AG61: 0.573 | AH61: 0.467 | AI61: 0.314 | AJ61: 1.2 | AK61: 10.2 | AL61: 5.7 | AM61: 28.1 | AN61: 1.2 | AO61: 0.8 | AP61: 10.8 | AQ61: 22.1 | AR61: 4.5 | AS61: 1.8 | AT61: 6.3 | AU61: 0.111 | AV61: 1.6 | AW61: -0.9 | AX61: 0.7 | AY61: 1.8 | AZ61: 3.5 | BA61: 0.17948718 | BB61: 0
A62: Josh Hart | B62: 12960000 | C62: SF | D62: 27 | E62: POR | F62: 76 | G62: 52 | H62: 32.3 | I62: 3.6 | J62: 6.8 | K62: 0.529 | L62: 0.8 | M62: 2.2 | N62: 0.372 | O62: 2.8 | P62: 4.7 | Q62: 0.601 | R62: 0.588 | S62: 1.7 | T62: 2.3 | U62: 0.75 | V62: 1.9 | W62: 5.9 | X62: 7.8 | Y62: 3.8 | Z62: 1.2 | AA62: 0.3 | AB62: 1.5 | AC62: 2.6 | AD62: 9.8 | AE62: 2454 | AF62: 14.1 | AG62: 0.622 | AH62: 0.315 | AI62: 0.338 | AJ62: 6.5 | AK62: 21 | AL62: 13.7 | AM62: 16.1 | AN62: 1.8 | AO62: 0.8 | AP62: 16.4 | AQ62: 12.6 | AR62: 3.8 | AS62: 2.2 | AT62: 6 | AU62: 0.118 | AV62: -0.2 | AW62: 1.1 | AX62: 0.9 | AY62: 1.8 | AZ62: 3.45 | BA62: 0.2662037 | BB62: 0
A63: Tobias Harris | B63: 37633050 | C63: SF | D63: 30 | E63: PHI | F63: 74 | G63: 74 | H63: 32.9 | I63: 5.7 | J63: 11.4 | K63: 0.501 | L63: 1.7 | M63: 4.4 | N63: 0.389 | O63: 4 | P63: 7 | Q63: 0.57 | R63: 0.575 | S63: 1.5 | T63: 1.7 | U63: 0.876 | V63: 0.9 | W63: 4.8 | X63: 5.7 | Y63: 2.5 | Z63: 0.9 | AA63: 0.5 | AB63: 1.2 | AC63: 2 | AD63: 14.7 | AE63: 2436 | AF63: 14.8 | AG63: 0.602 | AH63: 0.383 | AI63: 0.153 | AJ63: 3.3 | AK63: 17 | AL63: 10.3 | AM63: 11.4 | AN63: 1.4 | AO63: 1.5 | AP63: 9 | AQ63: 18.2 | AR63: 3.1 | AS63: 2.8 | AT63: 5.9 | AU63: 0.116 | AV63: 0.6 | AW63: 0.1 | AX63: 0.7 | AY63: 1.7 | AZ63: 3.3 | BA63: 0.08768888 | BB63: 0
A64: D'Angelo Russell | B64: 31377750 | C64: PG | D64: 26 | E64: MIN | F64: 71 | G64: 71 | H64: 32.5 | I64: 6.3 | J64: 13.4 | K64: 0.469 | L64: 2.7 | M64: 6.9 | N64: 0.396 | O64: 3.5 | P64: 6.5 | Q64: 0.548 | R64: 0.572 | S64: 2.5 | T64: 3 | U64: 0.829 | V64: 0.5 | W64: 2.5 | X64: 3 | Y64: 6.2 | Z64: 1 | AA64: 0.4 | AB64: 2.6 | AC64: 2 | AD64: 17.8 | AE64: 2304 | AF64: 16.3 | AG64: 0.605 | AH64: 0.517 | AI64: 0.228 | AJ64: 1.7 | AK64: 8.5 | AL64: 5.2 | AM64: 27.4 | AN64: 1.4 | AO64: 1.1 | AP64: 15.1 | AQ64: 22.7 | AR64: 3.1 | AS64: 1.9 | AT64: 5.1 | AU64: 0.106 | AV64: 2.1 | AW64: -0.7 | AX64: 1.5 | AY64: 2 | AZ64: 3.3 | BA64: 0.10517006 | BB64: 0
A65: Christian Wood | B65: 14317459 | C65: C | D65: 27 | E65: DAL | F65: 67 | G65: 17 | H65: 25.9 | I65: 5.9 | J65: 11.5 | K65: 0.515 | L65: 1.6 | M65: 4.2 | N65: 0.376 | O65: 4.3 | P65: 7.3 | Q65: 0.594 | R65: 0.583 | S65: 3.2 | T65: 4.2 | U65: 0.772 | V65: 1.3 | W65: 6 | X65: 7.3 | Y65: 1.8 | Z65: 0.4 | AA65: 1.1 | AB65: 1.8 | AC65: 2.5 | AD65: 16.6 | AE65: 1738 | AF65: 20.6 | AG65: 0.624 | AH65: 0.363 | AI65: 0.365 | AJ65: 5.8 | AK65: 27.4 | AL65: 16.4 | AM65: 11.7 | AN65: 0.9 | AO65: 3.7 | AP65: 11.9 | AQ65: 26.4 | AR65: 2.7 | AS65: 2.1 | AT65: 4.8 | AU65: 0.132 | AV65: 1.9 | AW65: -0.3 | AX65: 1.7 | AY65: 1.6 | AZ65: 3.25 | BA65: 0.22699559 | BB65: 0
A66: Mike Conley | B66: 22680000 | C66: PG | D66: 35 | E66: UTA | F66: 67 | G66: 66 | H66: 30.3 | I66: 3.9 | J66: 9.1 | K66: 0.428 | L66: 2 | M66: 5.2 | N66: 0.385 | O66: 1.9 | P66: 3.9 | Q66: 0.486 | R66: 0.539 | S66: 2.1 | T66: 2.5 | U66: 0.834 | V66: 0.5 | W66: 2.2 | X66: 2.7 | Y66: 6.7 | Z66: 1.1 | AA66: 0.2 | AB66: 1.5 | AC66: 2.1 | AD66: 11.9 | AE66: 2029 | AF66: 14.7 | AG66: 0.583 | AH66: 0.575 | AI66: 0.277 | AJ66: 1.8 | AK66: 7.9 | AL66: 4.9 | AM66: 29.4 | AN66: 1.7 | AO66: 0.6 | AP66: 13.1 | AQ66: 16.3 | AR66: 4.1 | AS66: 1.4 | AT66: 5.5 | AU66: 0.13 | AV66: 1 | AW66: -0.1 | AX66: 0.9 | AY66: 1.5 | AZ66: 3.2 | BA66: 0.14109347 | BB66: 0
A67: Jamal Murray | B67: 31650600 | C67: PG | D67: 25 | E67: DEN | F67: 65 | G67: 65 | H67: 32.8 | I67: 7.3 | J67: 16 | K67: 0.454 | L67: 2.6 | M67: 6.6 | N67: 0.398 | O67: 4.6 | P67: 9.4 | Q67: 0.494 | R67: 0.537 | S67: 2.8 | T67: 3.3 | U67: 0.833 | V67: 0.7 | W67: 3.2 | X67: 4 | Y67: 6.2 | Z67: 1 | AA67: 0.2 | AB67: 2.2 | AC67: 1.6 | AD67: 20 | AE67: 2133 | AF67: 18 | AG67: 0.571 | AH67: 0.415 | AI67: 0.207 | AJ67: 2.7 | AK67: 11 | AL67: 6.9 | AM67: 27.5 | AN67: 1.5 | AO67: 0.7 | AP67: 11.3 | AQ67: 26.1 | AR67: 3.3 | AS67: 1.9 | AT67: 5.1 | AU67: 0.116 | AV67: 2.6 | AW67: -1.3 | AX67: 1.3 | AY67: 1.8 | AZ67: 3.2 | BA67: 0.10110393 | BB67: 0
A68: Buddy Hield | B68: 21177750 | C68: SF | D68: 30 | E68: IND | F68: 80 | G68: 73 | H68: 31 | I68: 5.9 | J68: 13 | K68: 0.458 | L68: 3.6 | M68: 8.5 | N68: 0.425 | O68: 2.3 | P68: 4.5 | Q68: 0.518 | R68: 0.596 | S68: 1.3 | T68: 1.6 | U68: 0.822 | V68: 0.8 | W68: 4.2 | X68: 5 | Y68: 2.8 | Z68: 1.2 | AA68: 0.3 | AB68: 1.7 | AC68: 2 | AD68: 16.8 | AE68: 2482 | AF68: 15.4 | AG68: 0.614 | AH68: 0.652 | AI68: 0.124 | AJ68: 3 | AK68: 14.9 | AL68: 8.9 | AM68: 13.3 | AN68: 1.8 | AO68: 0.9 | AP68: 11.3 | AQ68: 20.8 | AR68: 2.7 | AS68: 1.6 | AT68: 4.4 | AU68: 0.085 | AV68: 2.5 | AW68: -0.6 | AX68: 1.9 | AY68: 2.4 | AZ68: 3.15 | BA68: 0.14874101 | BB68: 0
A69: Jarred Vanderbilt | B69: 4374000 | C69: PF | D69: 23 | E69: UTA | F69: 78 | G69: 65 | H69: 24.1 | I69: 3.2 | J69: 5.8 | K69: 0.548 | L69: 0.4 | M69: 1.2 | N69: 0.322 | O69: 2.8 | P69: 4.6 | Q69: 0.604 | R69: 0.58 | S69: 1.2 | T69: 1.8 | U69: 0.691 | V69: 2.2 | W69: 5.3 | X69: 7.5 | Y69: 2.4 | Z69: 1.1 | AA69: 0.3 | AB69: 1.2 | AC69: 2.4 | AD69: 7.9 | AE69: 1879 | AF69: 15.1 | AG69: 0.604 | AH69: 0.2 | AI69: 0.308 | AJ69: 10 | AK69: 23.2 | AL69: 16.7 | AM69: 13.1 | AN69: 2.1 | AO69: 0.9 | AP69: 15.9 | AQ69: 13.6 | AR69: 2.7 | AS69: 2.5 | AT69: 5.2 | AU69: 0.132 | AV69: -0.6 | AW69: 1.6 | AX69: 1.1 | AY69: 1.5 | AZ69: 3.15 | BA69: 0.72016461 | BB69: 0
A70: Jaylen Brown | B70: 29776785 | C70: SF | D70: 26 | E70: BOS | F70: 67 | G70: 67 | H70: 35.9 | I70: 10.1 | J70: 20.6 | K70: 0.491 | L70: 2.4 | M70: 7.3 | N70: 0.335 | O70: 7.7 | P70: 13.4 | Q70: 0.576 | R70: 0.55 | S70: 3.9 | T70: 5.1 | U70: 0.765 | V70: 1.2 | W70: 5.7 | X70: 6.9 | Y70: 3.5 | Z70: 1.1 | AA70: 0.4 | AB70: 2.9 | AC70: 2.6 | AD70: 26.6 | AE70: 2405 | AF70: 19.1 | AG70: 0.581 | AH70: 0.352 | AI70: 0.249 | AJ70: 3.6 | AK70: 17 | AL70: 10.4 | AM70: 16.5 | AN70: 1.5 | AO70: 0.9 | AP70: 11.4 | AQ70: 31.4 | AR70: 1.6 | AS70: 3.4 | AT70: 5 | AU70: 0.1 | AV70: 1.5 | AW70: -0.2 | AX70: 1.3 | AY70: 2 | AZ70: 3.15 | BA70: 0.10578711 | BB70: 0
... A193: Deni Avdija | B193: 4916160 | C193: SF | D193: 22 | E193: WAS | F193: 76 | G193: 40 | H193: 26.6 | I193: 3.3 | J193: 7.6 | K193: 0.437 | L193: 0.9 | M193: 3.1 | N193: 0.297 | O193: 2.4 | P193: 4.6 | Q193: 0.53 | R193: 0.497 | S193: 1.6 | T193: 2.2 | U193: 0.739 | V193: 1 | W193: 5.4 | X193: 6.4 | Y193: 2.8 | Z193: 0.9 | AA193: 0.4 | AB193: 1.6 | AC193: 2.8 | AD193: 9.2 | AE193: 2020 | AF193: 11.2 | AG193: 0.535 | AH193: 0.401 | AI193: 0.285 | AJ193: 4.2 | AK193: 21.9 | AL193: 13.4 | AM193: 13.9 | AN193: 1.6 | AO193: 1.2 | AP193: 15.9 | AQ193: 16.7 | AR193: 0 | AS193: 2.3 | AT193: 2.3 | AU193: 0.054 | AV193: -2.8 | AW193: 0.5 | AX193: -2.3 | AY193: -0.1 | AZ193: 0 | BA193: 0 | BB193: 0

Sheet BOSTON
A1: Player Name | B1: Salary | C1: Position | D1: Age | E1: Team | F1: GP | G1: GS | H1: MP | I1: FG | J1: FGA | K1: FG% | L1: 3P | M1: 3PA | N1: 3P% | O1: 2P | P1: 2PA | Q1: 2P% | R1: eFG% | S1: FT | T1: FTA | U1: FT% | V1: ORB | W1: DRB | X1: TRB | Y1: AST | Z1: STL | AA1: BLK | AB1: TOV | AC1: PF | AD1: PTS | AE1: Total Minutes | AF1: PER | AG1: TS% | AH1: 3PAr | AI1: FTr | AJ1: ORB% | AK1: DRB% | AL1: TRB% | AM1: AST% | AN1: STL% | AO1: BLK% | AP1: TOV% | AQ1: USG% | AR1: OWS | AS1: DWS | AT1: WS | AU1: WS/48 | AV1: OBPM | AW1: DBPM | AX1: BPM | AY1: VORP | AZ1: Score | BA1: Score_per_$M | BB1: Decision Variable | BD1: Total Score | BE1: Total Salary | BF1: Total Players | BG1: PG_Count | BH1: SG_Count | BI1: SF_Count | BJ1: PF_Count | BK1: C_Count | BL1: Cap | BM1: Roster Size
A2: Sam Hauser | B2: 1637966 | C2: SF | D2: 25 | E2: BOS | F2: 80 | G2: 8 | H2: 16.1 | I2: 2.3 | J2: 5 | K2: 0.455 | L2: 1.8 | M2: 4.2 | N2: 0.418 | O2: 0.5 | P2: 0.8 | Q2: 0.656 | R2: 0.631 | S2: 0.2 | T2: 0.2 | U2: 0.706 | V2: 0.4 | W2: 2.1 | X2: 2.6 | Y2: 0.9 | Z2: 0.4 | AA2: 0.3 | AB2: 0.4 | AC2: 1.2 | AD2: 6.4 | AE2: 1290 | AF2: 12.7 | AG2: 0.634 | AH2: 0.846 | AI2: 0.043 | AJ2: 3 | AK2: 14.1 | AL2: 8.6 | AM2: 7.6 | AN2: 1.1 | AO2: 1.4 | AP2: 6.9 | AQ2: 14.7 | AR2: 1.8 | AS2: 1.6 | AT2: 3.4 | AU2: 0.128 | AV2: 0.6 | AW2: 0.4 | AX2: 1 | AY2: 1 | AZ2: 2.2 | BA2: 1.3431292 | BB2: 1 | BD2: =SUMPRODUCT(AZ2:AZ193, BB2:BB193) -> 30.35 | BE2: =SUMPRODUCT(B2:B193, BB2:BB193) -> 149522811 | BF2: =SUM(BB2:BB193) -> 8 | BG2: {=SUMPRODUCT(BB2:BB193, --(C2:C193="PG"))} -> 2 | BH2: {=SUMPRODUCT(BB2:BB193, --(C2:C193="SG"))} -> 1 | BI2: {=SUMPRODUCT(BB2:BB193, --(C2:C193="SF"))} -> 3 | BJ2: {=SUMPRODUCT(BB2:BB193, --(C2:C193="PF"))} -> 1 | BK2: {=SUMPRODUCT(BB2:BB193, --(C2:C193="C"))} -> 1 | BL2: =154000000 -> 154000000 | BM2: 12
A3: Jayson Tatum | B3: 30351780 | C3: SF | D3: 24 | E3: BOS | F3: 74 | G3: 74 | H3: 36.9 | I3: 9.8 | J3: 21.1 | K3: 0.466 | L3: 3.2 | M3: 9.3 | N3: 0.35 | O3: 6.6 | P3: 11.8 | Q3: 0.558 | R3: 0.543 | S3: 7.2 | T3: 8.4 | U3: 0.854 | V3: 1.1 | W3: 7.7 | X3: 8.8 | Y3: 4.6 | Z3: 1.1 | AA3: 0.7 | AB3: 2.9 | AC3: 2.2 | AD3: 30.1 | AE3: 2732 | AF3: 23.7 | AG3: 0.607 | AH3: 0.44 | AI3: 0.399 | AJ3: 3.2 | AK3: 22.5 | AL3: 13 | AM3: 20.9 | AN3: 1.4 | AO3: 1.6 | AP3: 10.4 | AQ3: 32.7 | AR3: 6.2 | AS3: 4.3 | AT3: 10.5 | AU3: 0.185 | AV3: 4.8 | AW3: 0.7 | AX3: 5.5 | AY3: 5.1 | AZ3: 8 | BA3: 0.26357597 | BB3: 1 | BL3: BB193 | BM3: = | BN3: 1 | BO3: Luka
A4: Jaylen Brown | B4: 29776785 | C4: SF | D4: 26 | E4: BOS | F4: 67 | G4: 67 | H4: 35.9 | I4: 10.1 | J4: 20.6 | K4: 0.491 | L4: 2.4 | M4: 7.3 | N4: 0.335 | O4: 7.7 | P4: 13.4 | Q4: 0.576 | R4: 0.55 | S4: 3.9 | T4: 5.1 | U4: 0.765 | V4: 1.2 | W4: 5.7 | X4: 6.9 | Y4: 3.5 | Z4: 1.1 | AA4: 0.4 | AB4: 2.9 | AC4: 2.6 | AD4: 26.6 | AE4: 2405 | AF4: 19.1 | AG4: 0.581 | AH4: 0.352 | AI4: 0.249 | AJ4: 3.6 | AK4: 17 | AL4: 10.4 | AM4: 16.5 | AN4: 1.5 | AO4: 0.9 | AP4: 11.4 | AQ4: 31.4 | AR4: 1.6 | AS4: 3.4 | AT4: 5 | AU4: 0.1 | AV4: 1.5 | AW4: -0.2 | AX4: 1.3 | AY4: 2 | AZ4: 3.15 | BA4: 0.10578711 | BB4: 1 | BL4: BB26 | BM4: = | BN4: 1 | BO4: Kyrie
A5: Al Horford | B5: 26500000 | C5: C | D5: 36 | E5: BOS | F5: 63 | G5: 63 | H5: 30.5 | I5: 3.6 | J5: 7.6 | K5: 0.476 | L5: 2.3 | M5: 5.2 | N5: 0.446 | O5: 1.3 | P5: 2.4 | Q5: 0.539 | R5: 0.627 | S5: 0.2 | T5: 0.3 | U5: 0.714 | V5: 1.2 | W5: 5 | X5: 6.2 | Y5: 3 | Z5: 0.5 | AA5: 1 | AB5: 0.6 | AC5: 1.9 | AD5: 9.8 | AE5: 1922 | AF5: 13.8 | AG5: 0.631 | AH5: 0.678 | AI5: 0.044 | AJ5: 4.2 | AK5: 17.7 | AL5: 11.1 | AM5: 13.2 | AN5: 0.8 | AO5: 2.7 | AP5: 7 | AQ5: 11.9 | AR5: 3.6 | AS5: 2.7 | AT5: 6.3 | AU5: 0.157 | AV5: 1.6 | AW5: 1.7 | AX5: 3.3 | AY5: 2.5 | AZ5: 4.8 | BA5: 0.18113208 | BB5: 1
A6: Malcolm Brogdon | B6: 22600000 | C6: PG | D6: 30 | E6: BOS | F6: 67 | G6: 0 | H6: 26 | I6: 5.3 | J6: 10.9 | K6: 0.484 | L6: 2 | M6: 4.4 | N6: 0.444 | O6: 3.3 | P6: 6.5 | Q6: 0.51 | R6: 0.574 | S6: 2.4 | T6: 2.7 | U6: 0.87 | V6: 0.6 | W6: 3.6 | X6: 4.2 | Y6: 3.7 | Z6: 0.7 | AA6: 0.3 | AB6: 1.5 | AC6: 1.6 | AD6: 14.9 | AE6: 1744 | AF6: 18.2 | AG6: 0.615 | AH6: 0.406 | AI6: 0.251 | AJ6: 2.7 | AK6: 14.7 | AL6: 8.8 | AM6: 21.5 | AN6: 1.3 | AO6: 0.9 | AP6: 10.8 | AQ6: 22.8 | AR6: 3.6 | AS6: 2.2 | AT6: 5.8 | AU6: 0.161 | AV6: 2.3 | AW6: 0.6 | AX6: 2.8 | AY6: 2.1 | AZ6: 4.3 | BA6: 0.19026549 | BB6: 1
A7: Marcus Smart | B7: 17207142 | C7: PG | D7: 28 | E7: BOS | F7: 61 | G7: 61 | H7: 32.1 | I7: 4.1 | J7: 9.9 | K7: 0.415 | L7: 1.9 | M7: 5.6 | N7: 0.336 | O7: 2.2 | P7: 4.3 | Q7: 0.519 | R7: 0.511 | S7: 1.4 | T7: 1.9 | U7: 0.746 | V7: 0.8 | W7: 2.4 | X7: 3.1 | Y7: 6.3 | Z7: 1.5 | AA7: 0.4 | AB7: 2.3 | AC7: 2.8 | AD7: 11.5 | AE7: 1957 | AF7: 12.1 | AG7: 0.538 | AH7: 0.568 | AI7: 0.196 | AJ7: 2.6 | AK7: 8 | AL7: 5.3 | AM7: 26.4 | AN7: 2.3 | AO7: 1 | AP7: 17.9 | AQ7: 17.8 | AR7: 1 | AS7: 2.7 | AT7: 3.7 | AU7: 0.092 | AV7: -1.8 | AW7: 0.8 | AX7: -1 | AY7: 0.5 | AZ7: 1.35 | BA7: 0.078455795 | BB7: 1
